Workbook

Sheet Summery
B1: Badalgama Work Shop (As At 02/06/2026)
B3: S/No | C3: Item | D3: Qty
B4: 1 | C4: 15W40 (CI-04) Valvoline | D4: ='15W40(CI-04)Valvoline'!$G$277 -> 205.25
B5: 2 | C5: 15W40 (CI-04) Servo | D5: ='15W40(servo)'!$G$74 -> 88
B6: 3 | C6: 15W40 (CI-04) Delogold | D6: ='15W40(Delogold)'!$G$26 -> 0
B7: 4 | C7: DS-10 | D7: ='DS-10 Oil'!$G$31 -> 145
B8: 5 | C8: 20W 50 Oil | D8: ='20W-50'!$G$32 -> 56.5 | M8: ='SERVO-68 HY-OIL'!$G$18 -> 0
B9: 6 | C9: SAE-30 | D9: ='SAE-30'!$G$35 -> 43
B10: 7 | C10: HD-68 Hy/Oil Caltex | D10: ='HD-68 Hy-Oil Caltex'!$G$312 -> 123.25
B11: 8 | C11: SERVO-68 Hy/Oil | D11: ='SERVO-68 HY-OIL'!$G$18 -> 0
B12: 9 | C12: HD-46 Hy/Oil Caltex | D12: ='HD-46 Hy-Oil-Caltex'!$G$36 -> 89
B13: 10 | C13: HD-46 Hy/Oil Servo | D13: ='HD-46 Hy Oil SERVO'!$G$21 -> 0
B14: 11 | C14: Power Oil-1888 | D14: ='Power Oil-1888'!$G$110 -> 94
B15: 12 | C15: MP-90 Gear Oil | D15: ='MP-90 Gear Oil'!$G$137 -> 71.5
B16: 13 | C16: 80W 90 Gear Oil Caltex | D16: ='80W90 (Caltex)'!$G$115 -> 34
B17: 14 | C17: 80W 90 Gear Oil Servo | D17: ='80W90 G-Oil (Servo)'!$G$62 -> 63.5
B18: 15 | C18: MP-140 Gear Oil | D18: ='MP-140 G-Oil'!$G$62 -> 124
B19: 16 | C19: Grease | D19: =Grease!$G$201 -> 203.25
B20: 17 | C20: Karosine Oil | D20: ='K-Oil'!$G$324 -> 3
B21: 18 | C21: Pertrol | D21: =PETROL!$G$39 -> 1.15
B22: 19 | C22: Hub Grease | D22: ='HUB GREASE'!$G$20 -> 4.5
C27: Bandula Ekanayake
C28: Store Keeper

Sheet 15W40(CI-04)Valvoline
A1: Edward & Christie(Pvt)Ltd
A2: Central Work Shop Badalgama
A3: Fuel & Lubricant Stock Book
A4: 15W40 (CI-04)Engine Oil
A6: Date | B6: MR | C6: MTN | D6: Description | E6: Received | F6: Issued | G6: Balance | H6: Remark
A7: 45981 | D7: b/f | G7: 28
A8: 45983 | D8: HEX-37 | F8: 1 | G8: =G7+E8-F8 -> 27
A9: 45983 | D9: VR-40 | F9: 2 | G9: =G8+E9-F9 -> 25
A10: 45984 | B10: 127651 | C10: 64972 | D10: Marawila I Road Project | F10: 20 | G10: =G9+E10-F10 -> 5
A11: 45984 | D11: Excess Received | E11: 11 | G11: =G10+E11-F11 -> 16
A12: 45984 | D12: LO-4824 | F12: 16 | G12: =G11+E12-F12 -> 0
A13: 46000 | B13: 141251 | D13: Main Stores | E13: 200 | G13: =G12+E13-F13 -> 200
A14: 46000 | D14: LK-5041 | F14: 5 | G14: =G13+E14-F14 -> 195
A15: 46000 | D15: SR-05 | F15: 15 | G15: =G14+E15-F15 -> 180
A16: 46001 | D16: LO-4925 | F16: 2 | G16: =G15+E16-F16 -> 178
A17: 46001 | D17: ZA-8337 | F17: 13 | G17: =G16+E17-F17 -> 165
A18: 46001 | D18: 48-4849 | F18: 15 | G18: =G17+E18-F18 -> 150
A19: 46001 | D19: RC-9894 | F19: 6 | G19: =G18+E19-F19 -> 144
A20: 45940 | D20: CM-33 | F20: 1 | G20: =G19+E20-F20 -> 143
A21: 46001 | C21: 71969 | D21: Ruwanwella Water Project | F21: 5 | G21: =G20+E21-F21 -> 138
A22: 46002 | D22: LN-8279 | F22: 40 | G22: =G21+E22-F22 -> 98
A23: 46003 | D23: Electric Compressor | F23: 2 | G23: =G22+E23-F23 -> 96
A24: 46003 | B24: 126910 | D24: Iginimitiya | F24: 10 | G24: =G23+E24-F24 -> 86
A25: 46003 | D25: PR-1469 | F25: 3 | G25: =G24+E25-F25 -> 83
A26: 46004 | D26: PTR-10 | F26: 14 | G26: =G25+E26-F26 -> 69
A27: 46004 | B27: 2224 | C27: 64983 | D27: CEP-03 | F27: 50 | G27: =G26+E27-F27 -> 19
A28: 46005 | D28: PA-4193 | F28: 0.5 | G28: =G27+E28-F28 -> 18.5
A29: 46007 | D29: ZA-7925 | F29: 15 | G29: =G28+E29-F29 -> 3.5
A30: 46007 | B30: 141259 | D30: Main Stores | E30: 200 | G30: =G29+E30-F30 -> 203.5
A31: 46008 | D31: Pile Driver | F31: 7 | G31: =G30+E31-F31 -> 196.5
A32: 46008 | D32: LO-5984 | F32: 15 | G32: =G31+E32-F32 -> 181.5
A33: 46008 | B33: 203560 | C33: 71979 | D33: Batticoloa-LOT/02 | F33: 20 | G33: =G32+E33-F33 -> 161.5
A34: 46008 | B34: 141264 | D34: Main Stores | E34: 200 | G34: =G33+E34-F34 -> 361.5
A35: 46008 | D35: Service Truck | F35: 200 | G35: =G34+E35-F35 -> 161.5
A36: 46009 | D36: DAH-2491 | F36: 1 | G36: =G35+E36-F36 -> 160.5
A37: 46009 | D37: Service Carture Engine | F37: 3 | G37: =G36+E37-F37 -> 157.5
A38: 46009 | D38: 325-3448 | F38: 5 | G38: =G37+E38-F38 -> 152.5
A39: 46009 | D39: LI-3851 | F39: 15 | G39: =G38+E39-F39 -> 137.5
A40: 46009 | B40: 2223 | C40: 71982 | D40: CEP-03-E | F40: 50 | G40: =G39+E40-F40 -> 87.5
A41: 46010 | D41: GL-0019 | F41: 2 | G41: =G40+E41-F41 -> 85.5
A42: 46010 | B42: 141272 | D42: Main Stores | E42: 200 | G42: =G41+E42-F42 -> 285.5
A43: 46010 | D43: Pile Driver | F43: 8 | G43: =G42+E43-F43 -> 277.5
A44: 46010 | D44: LL-0623 | F44: 10 | G44: =G43+E44-F44 -> 267.5
A45: 46011 | D45: ZA-2609 | F45: 13 | G45: =G44+E45-F45 -> 254.5
A46: 46011 | D46: LO-4822 | F46: 16 | G46: =G45+E46-F46 -> 238.5
A47: 46011 | D47: FL-02 | F47: 1 | G47: =G46+E47-F47 -> 237.5
A48: 46013 | D48: LK-4057 | F48: 14 | G48: =G47+E48-F48 -> 223.5
A49: 46013 | D49: LP-1569 | F49: 18 | G49: =G48+E49-F49 -> 205.5
A50: 46013 | D50: 41-7225 | F50: 8 | G50: =G49+E50-F50 -> 197.5
A51: 46013 | D51: LE-4986 | F51: 14 | G51: =G50+E51-F51 -> 183.5
A52: 46013 | D52: 49-5294 | F52: 8 | G52: =G51+E52-F52 -> 175.5
A53: 46014 | D53: LO-4925 | F53: 13 | G53: =G52+E53-F53 -> 162.5
A54: 46014 | D54: LO-4925 | F54: 1 | G54: =G53+E54-F54 -> 161.5
... A62: 46018 | D62: LK-5586 | F62: 10 | G62: =G61+E62-F62 -> 79.5
A63: 46019 | D63: 57-3062 | F63: 1 | G63: =G62+E63-F63 -> 78.5 | I63: =78.5-40 -> 38.5
A64: 46020 | D64: VR-44 | F64: 23 | G64: =G63+E64-F64 -> 55.5
A65: 46020 | D65: HS-1794 | F65: 18 | G65: =G64+E65-F65 -> 37.5
A66: 46024 | B66: 141298 | D66: Main Stores | E66: 200 | G66: =G65+E66-F66 -> 237.5
A67: 46025 | D67: 48-4849 | F67: 1 | G67: =G66+E67-F67 -> 236.5
A68: 46026 | B68: 127690 | C68: 71994 | D68: Marawila site | F68: 10 | G68: =G67+E68-F68 -> 226.5
A69: 46026 | D69: PD-7049 | F69: 6 | G69: =G68+E69-F69 -> 220.5
A70: 46027 | D70: AC-37 | F70: 0.5 | G70: =G69+E70-F70 -> 220
A71: 46027 | D71: ZA-0447 | F71: 15 | G71: =G70+E71-F71 -> 205
A72: 46027 | D72: LD-05 | F72: 1 | G72: =G71+E72-F72 -> 204
A73: 46027 | D73: Service Truck | F73: 30 | G73: =G72+E73-F73 -> 174
A74: 46028 | D74: PA-6399 | F74: 6.5 | G74: =G73+E74-F74 -> 167.5
A75: 46029 | D75: 51-7155 | F75: 6.5 | G75: =G74+E75-F75 -> 161 | H75: Auto bax
A76: 46030 | D76: DAH-2491 | F76: 2 | G76: =G75+E76-F76 -> 159
A77: 46030 | D77: CM-33 | F77: 2 | G77: =G76+E77-F77 -> 157
A78: 46030 | D78: LP-1713 | F78: 18 | G78: =G77+E78-F78 -> 139
A79: 46030 | D79: LP-1574 | F79: 18 | G79: =G78+E79-F79 -> 121
A80: 46030 | D80: VR-42 | F80: 2.5 | G80: =G79+E80-F80 -> 118.5
A81: 46030 | D81: LP-1566 | F81: 18 | G81: =G80+E81-F81 -> 100.5
A82: 46031 | D82: LN-8278 | F82: 1.75 | G82: =G81+E82-F82 -> 98.75
A83: 46031 | D83: HEX-37 | F83: 30 | G83: =G82+E83-F83 -> 68.75
A84: 46032 | D84: SL-06 | F84: 2 | G84: =G83+E84-F84 -> 66.75
A85: 46033 | D85: LN-9046 | F85: 1 | G85: =G84+E85-F85 -> 65.75
A86: 46033 | D86: 57-3062 | F86: 6 | G86: =G85+E86-F86 -> 59.75
A87: 46034 | D87: LG-1617 | F87: 2 | G87: =G86+E87-F87 -> 57.75
... A90: 46038 | D90: LK-5048 | F90: 12 | G90: =G89+E90-F90 -> 30.75
A91: 46038 | B91: 141298 | D91: Main Stores | E91: 400 | G91: =G90+E91-F91 -> 430.75
A92: 46038 | D92: Service Truck | F92: 200 | G92: =G91+E92-F92 -> 230.75
A93: 46039 | D93: LN-8278 | F93: 13 | G93: =G92+E93-F93 -> 217.75
A94: 46039 | D94: 57-3062 | F94: 1 | G94: =G93+E94-F94 -> 216.75
A95: 46039 | D95: LB-25 | F95: 10 | G95: =G94+E95-F95 -> 206.75 | H95: New JCB
A96: 46040 | B96: 2417 | C96: 58068 | D96: CEP-03-E | F96: 60 | G96: =G95+E96-F96 -> 146.75
A97: 46040 | D97: GL-0019 | F97: 2 | G97: =G96+E97-F97 -> 144.75
A98: 46041 | D98: VR-14 | F98: 9.5 | G98: =G97+E98-F98 -> 135.25
A99: 46042 | D99: FL-02 | F99: 13 | G99: =G98+E99-F99 -> 122.25
A100: 46044 | D100: PV-6889 | F100: 5 | G100: =G99+E100-F100 -> 117.25
A101: 46044 | D101: Service Truck | F101: 22 | G101: =G100+E101-F101 -> 95.25
A102: 46045 | D102: AC-38 | F102: 6 | G102: =G101+E102-F102 -> 89.25
A103: 46046 | D103: LD-08 | F103: 5 | G103: =G102+E103-F103 -> 84.25
A104: 46048 | D104: TRN-17 | F104: 1 | G104: =G103+E104-F104 -> 83.25
A105: 46048 | D105: TRN-18 | F105: 1 | G105: =G104+E105-F105 -> 82.25
A106: 46049 | B106: 2477 | C106: 64372 | D106: Maravila Rd Project | F106: 15 | G106: =G105+E106-F106 -> 67.25
A107: 46050 | D107: GE-131 | F107: 2 | G107: =G106+E107-F107 -> 65.25
A108: 46050 | D108: BIE-8724 | F108: 1 | G108: =G107+E108-F108 -> 64.25
A109: 46051 | D109: PA-4193 | F109: 1 | G109: =G108+E109-F109 -> 63.25
A110: 46051 | D110: GE-39 | F110: 1 | G110: =G109+E110-F110 -> 62.25
...

Sheet 15W40(servo)
A1: Edward & Christie(Pvt)Ltd
A2: Central Work Shop Badalgama
A3: Fuel & Lubricant Stock Book
A4: 15W40 (servo)Engine Oil
A6: Date | B6: MR | C6: MTN | D6: Description | E6: Received | F6: Issued | G6: Balance | H6: Remark
A7: 45822 | D7: From Main Stores | E7: 210 | G7: =E7 -> 210 | H7: Servo
A8: 45822 | D8: PTR-10 | F8: 15 | G8: =G7+E8-F8 -> 195
A9: 45822 | D9: LM-6653 | F9: 1 | G9: =G8+E9-F9 -> 194
A10: 45822 | D10: SR-04 | F10: 10 | G10: =G9+E10-F10 -> 184
A11: 45827 | D11: ZA-0447 | F11: 4 | G11: =G10+E11-F11 -> 180
A12: 45828 | D12: LJ-5203 | F12: 16 | G12: =G11+E12-F12 -> 164
A13: 45829 | D13: ASP-03 | F13: 1.5 | G13: =G12+E13-F13 -> 162.5
A14: 45832 | D14: RF-0748 | F14: 6.5 | G14: =G13+E14-F14 -> 156
A15: 45839 | D15: HS-1794 | F15: 18 | G15: =G14+E15-F15 -> 138
A16: 45846 | D16: 325-5720 | F16: 10 | G16: =G15+E16-F16 -> 128
A17: 45850 | D17: PR-1469 | F17: 1 | G17: =G16+E17-F17 -> 127
A18: 45863 | D18: LD-06 | F18: 1 | G18: =G17+E18-F18 -> 126
A19: 45867 | D19: 48-4849 | F19: 1 | G19: =G18+E19-F19 -> 125
... A26: 45888 | D26: 01Bags Co.Mixer | F26: 3 | G26: =G25+E26-F26 -> 113
A27: 45900 | B27: 206113 | C27: 66449 | D27: Ruwanwella Water Project | F27: 10 | G27: =G26+E27-F27 -> 103
A28: 45904 | D28: Service Bay-Carture | F28: 1 | G28: =G27+E28-F28 -> 102
A29: 45910 | D29: LI-7620 | F29: 16 | G29: =G28+E29-F29 -> 86
A30: 45921 | D30: LO-0434 | F30: 2 | G30: =G29+E30-F30 -> 84
A31: 45936 | D31: AC-38 | F31: 7 | G31: =G30+E31-F31 -> 77
A32: 45938 | D32: FL-02 | F32: 2 | G32: =G31+E32-F32 -> 75
A33: 45941 | D33: 48-4849 | F33: 1 | G33: =G32+E33-F33 -> 74
A34: 45941 | D34: Service Bay-Carture | F34: 1 | G34: =G33+E34-F34 -> 73
A35: 45952 | D35: PR-1469 | F35: 3 | G35: =G34+E35-F35 -> 70
A36: 45967 | D36: DAH-2491 | F36: 6 | G36: =G35+E36-F36 -> 64
A37: 45969 | D37: PR-1469 | F37: 1 | G37: =G36+E37-F37 -> 63
A38: 45970 | B38: 142785 | C38: 64958 | D38: Marawila I Road Project | F38: 20 | G38: =G37+E38-F38 -> 43
A39: 45970 | D39: HU-5097 | F39: 6 | G39: =G38+E39-F39 -> 37
A40: 45971 | D40: LK-5041 | F40: 17 | G40: =G39+E40-F40 -> 20
A41: 45981 | D41: Service Bay-Carture | F41: 1 | G41: =G40+E41-F41 -> 19
A42: 46020 | B42: 141296 | D42: From Main Stores | E42: 210 | G42: =G41+E42-F42 -> 229
A43: 46021 | D43: LK-4061 | F43: 15 | G43: =G42+E43-F43 -> 214
A44: 46021 | D44: PH-3945 | F44: 1 | G44: =G43+E44-F44 -> 213
A45: 46024 | D45: LM-5721 | F45: 16 | G45: =G44+E45-F45 -> 197
A46: 46032 | D46: LD-05 | F46: 26 | G46: =G45+E46-F46 -> 171
A47: 46032 | D47: File hammer | F47: 13 | G47: =G46+E47-F47 -> 158
A48: 46032 | D48: 51-7158 | F48: 3 | G48: =G47+E48-F48 -> 155
A49: 46034 | D49: Karture | F49: 1 | G49: =G48+E49-F49 -> 154
A50: 46035 | D50: LK-5048 | F50: 10 | G50: =G49+E50-F50 -> 144
A51: 46036 | D51: AC-38 | F51: 1 | G51: =G50+E51-F51 -> 143
A52: 46036 | D52: LO-7181 | F52: 16 | G52: =G51+E52-F52 -> 127
A53: 46048 | D53: PR-1504 | F53: 2.5 | G53: =G52+E53-F53 -> 124.5
A54: 46072 | B54: 110808 | C54: 58085 | D54: Asphalt Team | F54: 10 | G54: =G53+E54-F54 -> 114.5
A55: 46072 | D55: DAH-2228 | F55: 6 | G55: =G54+E55-F55 -> 108.5
A56: 46073 | D56: FL-03 | F56: 10 | G56: =G55+E56-F56 -> 98.5
A57: 46073 | D57: LL-1782 | F57: 1 | G57: =G56+E57-F57 -> 97.5
A58: 46083 | D58: Service Bay-Carture | F58: 1 | G58: =G57+E58-F58 -> 96.5
A59: 46096 | D59: SL-06 | F59: 1.5 | G59: =G58+E59-F59 -> 95
A60: 46098 | D60: Service Pressor Gun | F60: 1 | G60: =G59+E60-F60 -> 94
A61: 46116 | D61: 49-5294 | F61: 5 | G61: =G60+E61-F61 -> 89
A62: 46134 | D62: BET-3772 | F62: 1 | G62: =G61+E62-F62 -> 88
G63: =G62+E63-F63 -> 88
G64: =G63+E64-F64 -> 88
G65: =G64+E65-F65 -> 88
G66: =G65+E66-F66 -> 88
G67: =G66+E67-F67 -> 88
G68: =G67+E68-F68 -> 88
G69: =G68+E69-F69 -> 88
G70: =G69+E70-F70 -> 88
G71: =G70+E71-F71 -> 88
G72: =G71+E72-F72 -> 88
G73: =G72+E73-F73 -> 88
G74: =G73+E74-F74 -> 88

Sheet 15W40(Delogold)
A1: Edward & Christie(Pvt)Ltd
A2: Central Work Shop Badalgama
A3: Fuel & Lubricant Stock Book
A4: 15W40 (Delogold)Engine Oil
A6: Date | B6: MR | C6: MTN | D6: Description | E6: Received | F6: Issued | G6: Balance | H6: Remark
A7: 45809 | D7: B/F | G7: 0
G8: =G7+E8-F8 -> 0
G9: =G8+E9-F9 -> 0
G10: =G9+E10-F10 -> 0
G11: =G10+E11-F11 -> 0
G12: =G11+E12-F12 -> 0
G13: =G12+E13-F13 -> 0
G14: =G13+E14-F14 -> 0
G15: =G14+E15-F15 -> 0
G16: =G15+E16-F16 -> 0
G17: =G16+E17-F17 -> 0
G18: =G17+E18-F18 -> 0
G19: =G18+E19-F19 -> 0
... G26: =G25+E26-F26 -> 0

Sheet DS-10 Oil
A1: Edward & Christie(Pvt)Ltd
A2: Central Work Shop Badalgama
A3: Fuel & Lubricant Stock Book
A4: DS-10 Engine Oil
A6: Date | B6: MR | C6: MTN | D6: Description | E6: Received | F6: Issued | G6: Balance | H6: Remark
A7: 45809 | D7: B/F | G7: 159
A8: 45834 | D8: LD-06 | F8: 1 | G8: =G7+E8-F8 -> 158
A9: 45863 | D9: LD-06 | F9: 2 | G9: =G8+E9-F9 -> 156
A10: 45883 | B10: 76258 | C10: 66407 | D10: Muthur Plant | F10: 10 | G10: =G9+E10-F10 -> 146
A11: 45969 | D11: LD-05 | F11: 0.25 | G11: =G10+E11-F11 -> 145.75
A12: 46009 | D12: LD-06 | F12: 0.5 | G12: =G11+E12-F12 -> 145.25
A13: 46022 | D13: LD-05 | F13: 0.25 | G13: =G12+E13-F13 -> 145
G14: =G13+E14-F14 -> 145
G15: =G14+E15-F15 -> 145
G16: =G15+E16-F16 -> 145
G17: =G16+E17-F17 -> 145
G18: =G17+E18-F18 -> 145
G19: =G18+E19-F19 -> 145
G20: =G19+E20-F20 -> 145
G21: =G20+E21-F21 -> 145
G22: =G21+E22-F22 -> 145
G23: =G22+E23-F23 -> 145
G24: =G23+E24-F24 -> 145
G25: =G24+E25-F25 -> 145
... G31: =G30+E31-F31 -> 145

Sheet 20W-50
A1: Edward & Christie(Pvt)Ltd
A2: Central Work Shop Badalgama
A3: Fuel & Lubricant Stock Book
A4: 20W-50 Engine Oil
A6: Date | B6: MR | C6: MTN | D6: Description | E6: Received | F6: Issued | G6: Balance | H6: Remark
A7: 45809 | D7: B/F Balance | G7: 154
A8: 45809 | D8: PR-1504 | F8: 0.5 | G8: =G7+E8-F8 -> 153.5
A9: 45815 | D9: PR-1504 | F9: 0.5 | G9: =G8+E9-F9 -> 153
A10: 45883 | D10: Muthur Plant | F10: 53 | G10: =G9+E10-F10 -> 100
A11: 45962 | B11: 81404 | C11: 71347 | D11: Muthur Plant | F11: 30 | G11: =G10+E11-F11 -> 70
A12: 46028 | D12: PA-4879 | F12: 6.5 | G12: =G11+E12-F12 -> 63.5
A13: 46060 | D13: PH-6742 | F13: 7 | G13: =G12+E13-F13 -> 56.5
G14: =G13+E14-F14 -> 56.5
G15: =G14+E15-F15 -> 56.5
G16: =G15+E16-F16 -> 56.5
G17: =G16+E17-F17 -> 56.5
G18: =G17+E18-F18 -> 56.5
G19: =G18+E19-F19 -> 56.5
G20: =G19+E20-F20 -> 56.5
G21: =G20+E21-F21 -> 56.5
G22: =G21+E22-F22 -> 56.5
G23: =G22+E23-F23 -> 56.5
G24: =G23+E24-F24 -> 56.5
G25: =G24+E25-F25 -> 56.5
... G32: =G31+E32-F32 -> 56.5

Sheet SAE-30
A1: Edward & Christie(Pvt)Ltd
A2: Central Work Shop Badalgama
A3: Fuel & Lubricant Stock Book
A4: SAE-30 Engine Oil
A6: Date | B6: MR | C6: MTN | D6: Description | E6: Received | F6: Issued | G6: Balance | H6: Remark
A7: 45809 | D7: B/F Balance | G7: 185
A8: 45828 | D8: Service team | F8: 20 | G8: =G7+E8-F8 -> 165
A9: 45860 | D9: LD-05 | F9: 22 | G9: =G8+E9-F9 -> 143
A10: 45867 | D10: Excess Received | E10: 12 | G10: =G9+E10-F10 -> 155
A11: 45867 | D11: Service team | F11: 155 | G11: =G10+E11-F11 -> 0
A12: 45867 | D12: Returned From Service | E12: 5 | G12: =G11+E12-F12 -> 5
A13: 45984 | D13: LD-05 | F13: 1 | G13: =G12+E13-F13 -> 4
A14: 46009 | D14: LD-06 | F14: 4 | G14: =G13+E14-F14 -> 0
A15: 46066 | B15: 142497 | D15: From Main Stores | E15: 210 | G15: =G14+E15-F15 -> 210
A16: 46066 | D16: LD-08 | F16: 20 | G16: =G15+E16-F16 -> 190
A17: 46069 | D17: LD-08 | F17: 20 | G17: =G16+E17-F17 -> 170
A18: 46082 | D18: MG-03 | F18: 3 | G18: =G17+E18-F18 -> 167
A19: 46084 | D19: Service team | F19: 50 | G19: =G18+E19-F19 -> 117 | H19: LD-09
A20: 46096 | D20: LD-08 | F20: 30 | G20: =G19+E20-F20 -> 87
A21: 46153 | D21: ZB-2587 Bob Cat JCB Service | F21: 44 | G21: =G20+E21-F21 -> 43
G22: =G21+E22-F22 -> 43
G23: =G22+E23-F23 -> 43
G24: =G23+E24-F24 -> 43
G25: =G24+E25-F25 -> 43
G26: =G25+E26-F26 -> 43
G27: =G26+E27-F27 -> 43
G28: =G27+E28-F28 -> 43
G29: =G28+E29-F29 -> 43
G30: =G29+E30-F30 -> 43
G31: =G30+E31-F31 -> 43
G32: =G31+E32-F32 -> 43
G33: =G32+E33-F33 -> 43
... G35: =G34+E35-F35 -> 43

Sheet HD-68 Hy-Oil Caltex
A1: Edward & Christie(Pvt)Ltd
A2: Central Work Shop Badalgama
A3: Fuel & Lubricant Stock Book
A4: HD-68 Hy/Oil
A6: Date | B6: MR | C6: MTN | D6: Description | E6: Received | F6: Issued | G6: Balance | H6: Remark
A7: 45809 | D7: B/F- Balance | G7: 102.5
A8: 45809 | D8: FL-02 | F8: 15 | G8: =G7+E8-F8 -> 87.5
A9: 45810 | D9: Service Team | F9: 87.5 | G9: =G8+E9-F9 -> 0
A10: 45811 | D10: From Main Stores | E10: 210 | G10: =G9+E10-F10 -> 210
A11: 45811 | B11: 1812 | C11: 2456 | D11: CEP-03 | F11: 100 | G11: =G10+E11-F11 -> 110
A12: 45813 | D12: C.Com | F12: 50 | G12: =G11+E12-F12 -> 60
A13: 45814 | B13: 4768 | C13: 2460 | D13: TM-20-Kilinochchi | F13: 10 | G13: =G12+E13-F13 -> 50
A14: 45817 | D14: Returned From C.Com | E14: 50 | G14: =G13+E14-F14 -> 100
A15: 45820 | D15: LI-3402 | F15: 5 | G15: =G14+E15-F15 -> 95
A16: 45821 | B16: 23932 | C16: 2468 | D16: Ruwanwella W/P | F16: 30 | G16: =G15+E16-F16 -> 65
A17: 45822 | D17: From Main Stores | E17: 210 | G17: =G16+E17-F17 -> 275
A18: 45822 | B18: 203319 | C18: 2469 | D18: Batticoloa-LOT-03 | F18: 70 | G18: =G17+E18-F18 -> 205
A19: 45824 | D19: Rtd From Service Team | E19: 10 | G19: =G18+E19-F19 -> 215
A20: 45824 | B20: 21019 | C20: 2471 | D20: ZA-0447 JCB (Iginimitiya) | F20: 10 | G20: =G19+E20-F20 -> 205
A21: 45825 | B21: 112799 | C21: 2474 | D21: Batticoloa-LOT-02 | F21: 70 | G21: =G20+E21-F21 -> 135
A22: 45827 | B22: 2394 | C22: 2478 | D22: Ruwanwella W/P | F22: 20 | G22: =G21+E22-F22 -> 115
A23: 45827 | D23: ZA-0447 JCB (Iginimitiya) | F23: 10 | G23: =G22+E23-F23 -> 105
A24: 45828 | D24: Service Team | F24: 15 | G24: =G23+E24-F24 -> 90
A25: 45828 | D25: MG-05 | F25: 10 | G25: =G24+E25-F25 -> 80
A26: 45829 | B26: 180211 | C26: 2484 | D26: Ambanpola W/Project | F26: 15 | G26: =G25+E26-F26 -> 65
A27: 45830 | B27: 7313 | D27: From Main Stores | E27: 210 | G27: =G26+E27-F27 -> 275
A28: 45830 | D28: LB-01/ZA-2609 | F28: 20 | G28: =G27+E28-F28 -> 255
A29: 45831 | D29: MG-05 | F29: 5 | G29: =G28+E29-F29 -> 250
A30: 45833 | D30: HS-1794 | F30: 10 | G30: =G29+E30-F30 -> 240
A31: 45834 | D31: ZA-0447 JCB (Iginimitiya) | F31: 30 | G31: =G30+E31-F31 -> 210
A32: 45835 | D32: HEX-18 | F32: 15 | G32: =G31+E32-F32 -> 195
A33: 45835 | B33: 4774 | C33: 2493 | D33: Kilinochchi. | F33: 30 | G33: =G32+E33-F33 -> 165
A34: 45836 | B34: 113602 | C34: 2495 | D34: Batticoloa-LOT-03 | F34: 50 | G34: =G33+E34-F34 -> 115
A35: 45836 | D35: ZA-2608 | F35: 10 | G35: =G34+E35-F35 -> 105
A36: 45838 | B36: 1876 | C36: 31854 | D36: CEP-03 | F36: 100 | G36: =G35+E36-F36 -> 5
A37: 45840 | B37: 7332 | D37: From Main Stores | E37: 210 | G37: =G36+E37-F37 -> 215
A38: 45840 | D38: MG-05 | F38: 3 | G38: =G37+E38-F38 -> 212
A39: 45841 | D39: LK-4057 | F39: 7 | G39: =G38+E39-F39 -> 205
A40: 45842 | D40: ZA-0447 JCB (Iginimitiya) | F40: 1 | G40: =G39+E40-F40 -> 204
A41: 45842 | D41: VR-44 | F41: 45 | G41: =G40+E41-F41 -> 159
A42: 45842 | D42: CEP-03€ | F42: 100 | G42: =G41+E42-F42 -> 59
A43: 45844 | D43: ZA-2609 | F43: 20 | G43: =G42+E43-F43 -> 39
A44: 45845 | D44: VR-14 | F44: 4 | G44: =G43+E44-F44 -> 35
A45: 45845 | C45: 31865 | D45: Ruwanwella W/P | F45: 20 | G45: =G44+E45-F45 -> 15
A46: 45847 | B46: 7341 | D46: From Main Stores | E46: 210 | G46: =G45+E46-F46 -> 225
A47: 45847 | D47: ZA-0447 JCB | F47: 70 | G47: =G46+E47-F47 -> 155
A48: 45848 | B48: 13265 | C48: 31871 | D48: Batticoloa-LOT-02 | F48: 50 | G48: =G47+E48-F48 -> 105
A49: 45851 | B49: 113614 | C49: 31877 | D49: Batticoloa-LOT-03 | F49: 100 | G49: =G48+E49-F49 -> 5
A50: 45851 | B50: 7343 | D50: From Main Stores | E50: 210 | G50: =G49+E50-F50 -> 215
A51: 45851 | D51: HEX-29 | F51: 10 | G51: =G50+E51-F51 -> 205
A52: 45852 | D52: Service Team | F52: 60 | G52: =G51+E52-F52 -> 145
A53: 45855 | B53: 1936 | C53: 31885 | D53: CEP-03 | F53: 60 | G53: =G52+E53-F53 -> 85
A54: 45855 | D54: HEX-22 | F54: 10 | G54: =G53+E54-F54 -> 75
A55: 45856 | D55: LK-5068 | F55: 1 | G55: =G54+E55-F55 -> 74
A56: 45856 | D56: HEX-23 | F56: 40 | G56: =G55+E56-F56 -> 34
A57: 45859 | D57: Marawila | F57: 20 | G57: =G56+E57-F57 -> 14
A58: 45860 | D58: MG-03 | F58: 5 | G58: =G57+E58-F58 -> 9
A59: 45860 | B59: 174501 | D59: From Main Stores | E59: 210 | G59: =G58+E59-F59 -> 219
A60: 45860 | B60: 23150 | C60: 6401 | D60: Ruwanwella W/P | F60: 20 | G60: =G59+E60-F60 -> 199
A61: 45862 | B61: 1947 | C61: 6403 | D61: CEP-03 | F61: 50 | G61: =G60+E61-F61 -> 149
A62: 45863 | D62: Service Team | F62: 10 | G62: =G61+E62-F62 -> 139
A63: 45868 | D63: LP-1572 | F63: 40 | G63: =G62+E63-F63 -> 99
A64: 45870 | D64: NBRO Kalalgamuwa | F64: 20 | G64: =G63+E64-F64 -> 79
A65: 45873 | C65: 6421 | D65: Auto Baxs | F65: 5 | G65: =G64+E65-F65 -> 74
A66: 45873 | D66: LK-2366 | F66: 2 | G66: =G65+E66-F66 -> 72
A67: 45873 | B67: 174524 | D67: From Main Stores | E67: 210 | G67: =G66+E67-F67 -> 282
A68: 45873 | D68: Service Team | F68: 210 | G68: =G67+E68-F68 -> 72
A69: 45875 | D69: VR-10 | F69: 2 | G69: =G68+E69-F69 -> 70
A70: 45875 | B70: 4797 | C70: 6930 | D70: Kilinochchi. | F70: 20 | G70: =G69+E70-F70 -> 50
A71: 45877 | B71: 174521 | D71: From Main Stores | E71: 210 | G71: =G70+E71-F71 -> 260
A72: 45877 | D72: TR-01 | F72: 50 | G72: =G71+E72-F72 -> 210
A73: 45877 | D73: Service Team | F73: 7 | G73: =G72+E73-F73 -> 203
A74: 45881 | D74: HEX-23 | F74: 25 | G74: =G73+E74-F74 -> 178
A75: 45881 | B75: 2000 | C75: 66405 | D75: CEP-03(E) | F75: 100 | G75: =G74+E75-F75 -> 78
A76: 45883 | D76: From Main Stores | E76: 210 | G76: =G75+E76-F76 -> 288
A77: 45883 | D77: HEX-23 | F77: 8 | G77: =G76+E77-F77 -> 280
A78: 45883 | B78: 76257 | C78: 66407 | D78: Muthur Plant | F78: 65 | G78: =G77+E78-F78 -> 215
A79: 45884 | C79: 66410 | D79: Auto Baxs | F79: 5 | G79: =G78+E79-F79 -> 210
A80: 45885 | D80: RD-3536 | F80: 10 | G80: =G79+E80-F80 -> 200
A81: 45887 | D81: ZA-5474 | F81: 5 | G81: =G80+E81-F81 -> 195
A82: 45892 | D82: VR-53 | F82: 10 | G82: =G81+E82-F82 -> 185
A83: 45892 | D83: LK-5041 | F83: 2 | G83: =G82+E83-F83 -> 183
A84: 45892 | B84: 113122 | C84: 66425 | D84: Batticoloa-LOT-02 | F84: 50 | G84: =G83+E84-F84 -> 133
A85: 45894 | B85: 172709 | C85: 66430 | D85: Batticoloa-LOT-03 | F85: 50 | G85: =G84+E85-F85 -> 83
A86: 45896 | B86: 13265 | C86: 66438 | D86: Batticoloa-LOT-02 | F86: 50 | G86: =G85+E86-F86 -> 33
A87: 45896 | B87: 174541 | D87: From Main Stores | E87: 210 | G87: =G86+E87-F87 -> 243
A88: 45896 | B88: 206108 | C88: 66439 | D88: Ruwanwella W/P | F88: 30 | G88: =G87+E88-F88 -> 213
A89: 45897 | B89: 113943 | C89: 66442 | D89: Marawila | F89: 50 | G89: =G88+E89-F89 -> 163
A90: 45898 | B90: 2024 | C90: 66445 | D90: CEP-03 | F90: 60 | G90: =G89+E90-F90 -> 103
A91: 45899 | B91: 2013 | C91: 66 | D91: CEP-03(E) | F91: 100 | G91: =G90+E91-F91 -> 3
A92: 45902 | B92: 174548 | D92: From Main Stores | E92: 210 | G92: =G91+E92-F92 -> 213
A93: 45902 | D93: PORT CITY | F93: 10 | G93: =G92+E93-F93 -> 203
A94: 45903 | B94: 66457 | C94: 172033 | D94: NBRO Kalalgamuwa | F94: 10 | G94: =G93+E94-F94 -> 193
A95: 45904 | B95: 172035 | C95: 66460 | D95: HEX-46 | F95: 10 | G95: =G94+E95-F95 -> 183
A96: 45904 | B96: 172035 | C96: 66460 | D96: HEX-18 | F96: 5 | G96: =G95+E96-F96 -> 178
A97: 45904 | B97: 113132 | C97: 66459 | D97: Batticoloa-LOT-02 | F97: 50 | G97: =G96+E97-F97 -> 128
A98: 45906 | B98: 142505 | C98: 66463 | D98: Marawila | F98: 40 | G98: =G97+E98-F98 -> 88
A99: 45908 | D99: VR-23 | F99: 10 | G99: =G98+E99-F99 -> 78
A100: 45909 | D100: VR-23 | F100: 1 | G100: =G99+E100-F100 -> 77
A101: 45912 | D101: MG-03 | F101: 10 | G101: =G100+E101-F101 -> 67
...

Sheet SERVO-68 HY-OIL
A2: Edward & Christie(Pvt)Ltd
A3: Central Work Shop Badalgama
A4: Fuel & Lubricant Stock Book
A5: SERVO-68 Hy/Oil
A7: Date | B7: MR | C7: MTN | D7: Description | E7: Received | F7: Issued | G7: Balance | H7: Remark
A8: 45916 | B8: 7347 | D8: Main Stores | E8: 210 | G8: =E8 -> 210
A9: 45916 | D9: ZA-9716-CR/02 | F9: 70 | G9: =G8+E9-F9 -> 140
A10: 45918 | D10: LK-5047 | F10: 17 | G10: =G9+E10-F10 -> 123
A11: 45959 | D11: LN-8277 | F11: 40 | G11: =G10+E11-F11 -> 83
A12: 45967 | B12: 207020 | C12: 64955 | D12: Bridge No.01& 02-Karathiu | F12: 20 | G12: =G11+E12-F12 -> 63
A13: 45969 | D13: LD-05 | F13: 2 | G13: =G12+E13-F13 -> 61
A14: 45970 | B14: 142785 | C14: 64958 | D14: Marawila Water Project | F14: 20 | G14: =G13+E14-F14 -> 41
A15: 45972 | D15: HEX-29 | F15: 20 | G15: =G14+E15-F15 -> 21
A16: 46008 | D16: LD-05 | F16: 10 | G16: =G15+E16-F16 -> 11
A17: 46011 | D17: HEX-22 | F17: 10 | G17: =G16+E17-F17 -> 1
A18: 46017 | D18: Asphalt Plant | F18: 1 | G18: =G17+E18-F18 -> 0
G19: =G18+E19-F19 -> 0
G20: =G19+E20-F20 -> 0
G21: =G20+E21-F21 -> 0
G22: =G21+E22-F22 -> 0
G23: =G22+E23-F23 -> 0
G24: =G23+E24-F24 -> 0
G25: =G24+E25-F25 -> 0
G26: =G25+E26-F26 -> 0
G27: =G26+E27-F27 -> 0
G28: =G27+E28-F28 -> 0
G29: =G28+E29-F29 -> 0
G30: =G29+E30-F30 -> 0

Sheet HD-46 Hy-Oil-Caltex
A1: Edward & Christie(Pvt)Ltd
A2: Central Work Shop Badalgama
A3: Fuel & Lubricant Stock Book
A4: HD-46 Hy/Oil
A6: Date | B6: MR | C6: MTN | D6: Description | E6: Received | F6: Issued | G6: Balance | H6: Remark
A7: 45854 | B7: 7347 | D7: Main Stores | E7: 210 | G7: =E7 -> 210
A8: 45854 | D8: TM-13 | F8: 10 | G8: =G7+E8-F8 -> 200
A9: 45882 | D9: SL-15 | F9: 15 | G9: =G8+E9-F9 -> 185
A10: 45883 | B10: 172701 | C10: 66408 | D10: Batticoloa-LOT/03 | F10: 20 | G10: =G9+E10-F10 -> 165
A11: 45892 | D11: ZB-2587 | F11: 75 | G11: =G10+E11-F11 -> 90
A12: 45905 | B12: 206119 | C12: 66451 | D12: Ruwanwella | F12: 30 | G12: =G11+E12-F12 -> 60
A13: 45925 | B13: 206954 | C13: 72102 | D13: Batticoloa-LOT/02 | F13: 30 | G13: =G12+E13-F13 -> 30
A14: 45971 | D14: SL-09 | F14: 2 | G14: =G13+E14-F14 -> 28
A15: 45986 | D15: Asphalt Plant | F15: 1 | G15: =G14+E15-F15 -> 27
A16: 46008 | D16: Excess Received | E16: 23 | G16: =G15+E16-F16 -> 50
A17: 46008 | B17: 203560 | C17: 71979 | D17: ICDP-LOT/02 | F17: 50 | G17: =G16+E17-F17 -> 0
A18: 46033 | B18: 142459 | D18: Main Stores | E18: 210 | G18: =G17+E18-F18 -> 210
A19: 46033 | B19: 64998 | C19: 205986 | D19: Ruwanwella | F19: 30 | G19: =G18+E19-F19 -> 180
A20: 46036 | B20: 142464 | D20: Main Stores | E20: 420 | G20: =G19+E20-F20 -> 600
A21: 46036 | B21: 2419 | C21: 58064 | D21: cep/03 CR-02 | F21: 400 | G21: =G20+E21-F21 -> 200
A22: 46073 | B22: 2682 | C22: 58086 | D22: Ruwanwella | F22: 30 | G22: =G21+E22-F22 -> 170
A23: 46093 | D23: SL-06 | F23: 1.5 | G23: =G22+E23-F23 -> 168.5
A24: 46105 | D24: SL-15 | F24: 33.5 | G24: =G23+E24-F24 -> 135
A25: 46163 | D25: Hydraulic Hose Pump | F25: 46 | G25: =G24+E25-F25 -> 89
G26: =G25+E26-F26 -> 89
G27: =G26+E27-F27 -> 89
G28: =G27+E28-F28 -> 89
G29: =G28+E29-F29 -> 89
G30: =G29+E30-F30 -> 89
G31: =G30+E31-F31 -> 89
G32: =G31+E32-F32 -> 89
G33: =G32+E33-F33 -> 89
G34: =G33+E34-F34 -> 89
G35: =G34+E35-F35 -> 89
G36: =G35+E36-F36 -> 89

Sheet HD-46 Hy Oil SERVO
A2: Edward & Christie(Pvt)Ltd
A3: Central Work Shop Badalgama
A4: Fuel & Lubricant Stock Book
A5: SERVO-46 Hy/Oil
A7: Date | B7: MR | C7: MTN | D7: Description | E7: Received | F7: Issued | G7: Balance | H7: Remark
A8: 45825 | B8: 7347 | D8: Main Stores | E8: 210 | G8: =E8 -> 210
A9: 45825 | B9: 112799 | C9: 2474 | D9: Batticoloa-LOT/02 | F9: 30 | G9: =G8+E9-F9 -> 180
A10: 45836 | B10: 113602 | C10: 2495 | D10: Batticoloa-LOT/03 | F10: 50 | G10: =G9+E10-F10 -> 130
A11: 45838 | D11: HEX-33-Kilinochchi | F11: 10 | G11: =G10+E11-F11 -> 120
A12: 45847 | D12: VR-71 | F12: 5 | G12: =G11+E12-F12 -> 115
A13: 45848 | D13: Batticoloa-LOT/02 | F13: 30 | G13: =G12+E13-F13 -> 85
A14: 45849 | D14: SL-02 | F14: 2 | G14: =G13+E14-F14 -> 83
A15: 45852 | D15: VR-23 | F15: 13.5 | G15: =G14+E15-F15 -> 69.5
A16: 45852 | D16: Service Truck | F16: 30 | G16: =G15+E16-F16 -> 39.5
A17: 45853 | D17: SL-03 | F17: 35 | G17: =G16+E17-F17 -> 4.5
A18: 45864 | D18: Returned From Service Truck | E18: 15 | G18: =G17+E18-F18 -> 19.5
A19: 45944 | D19: Batching Plant | F19: 1 | G19: =G18+E19-F19 -> 18.5
A20: 45971 | D20: Eecess Received | E20: 1.5 | G20: =G19+E20-F20 -> 20
A21: 45971 | B21: 206018 | C21: 64964 | D21: Ruwanwella Water Project | F21: 20 | G21: =G20+E21-F21 -> 0
G22: =G21+E22-F22 -> 0
G23: =G22+E23-F23 -> 0
G24: =G23+E24-F24 -> 0
G25: =G24+E25-F25 -> 0
G26: =G25+E26-F26 -> 0
G27: =G26+E27-F27 -> 0
G28: =G27+E28-F28 -> 0
G29: =G28+E29-F29 -> 0
G30: =G29+E30-F30 -> 0

Sheet Power Oil-1888
A1: Edward & Christie(Pvt)Ltd
A2: Central Work Shop Badalgama
A3: Fuel & Lubricant Stock Book
A4: Power Oil-1888
A6: Date | B6: MR | C6: MTN | D6: Description | E6: Received | F6: Issued | G6: Balance | H6: Remark
A7: 45812 | D7: B/F Balance | G7: 106
A8: 45813 | D8: 48-4849 | F8: 0.5 | G8: =G7+E8-F8 -> 105.5
A9: 45819 | D9: LD-8875 | F9: 0.75 | G9: =G8+E9-F9 -> 104.75
A10: 45820 | D10: LD-8875 | F10: 1 | G10: =G9+E10-F10 -> 103.75
A11: 45820 | D11: LI-3402 | F11: 0.5 | G11: =G10+E11-F11 -> 103.25
A12: 45824 | D12: From Service Truck | E12: 2 | G12: =G11+E12-F12 -> 105.25
A13: 45824 | D13: ZA-0447-Iginimitiya | F13: 2 | G13: =G12+E13-F13 -> 103.25
A14: 45825 | D14: 57-3062 | F14: 1 | G14: =G13+E14-F14 -> 102.25
A15: 45825 | D15: LD-05 | F15: 1 | G15: =G14+E15-F15 -> 101.25
A16: 45825 | D16: LP-1569 | F16: 0.25 | G16: =G15+E16-F16 -> 101
A17: 45827 | D17: ZA-0447-Iginimitiya | F17: 2 | G17: =G16+E17-F17 -> 99
A18: 45828 | D18: Service Truck | F18: 25 | G18: =G17+E18-F18 -> 74
A19: 45829 | B19: 177242 | C19: 2485 | D19: CEP-03 | F19: 4 | G19: =G18+E19-F19 -> 70
A20: 45832 | D20: Service Truck | F20: 50 | G20: =G19+E20-F20 -> 20
A21: 45835 | D21: LK-4057 | F21: 0.5 | G21: =G20+E21-F21 -> 19.5
A22: 45839 | B22: 177242 | C22: 31856 | D22: CEP-03 | F22: 4 | G22: =G21+E22-F22 -> 15.5
A23: 45841 | D23: LK-6740 | F23: 1 | G23: =G22+E23-F23 -> 14.5
A24: 45846 | D24: 325-5120 | F24: 1 | G24: =G23+E24-F24 -> 13.5
A25: 45847 | D25: Excess Received | E25: 1.5 | G25: =G24+E25-F25 -> 15
A26: 45847 | D26: Service Truck | F26: 15 | G26: =G25+E26-F26 -> 0
A27: 45862 | D27: Main Stores | E27: 210 | G27: =G26+E27-F27 -> 210
A28: 45862 | B28: 1947 | C28: 6404 | D28: CEP-03 | F28: 20 | G28: =G27+E28-F28 -> 190
A29: 45864 | D29: Service Truck | F29: 5 | G29: =G28+E29-F29 -> 185
A30: 45873 | D30: LK-2366 | F30: 0.5 | G30: =G29+E30-F30 -> 184.5
A31: 45883 | D31: Muthur Plant | F31: 10 | G31: =G30+E31-F31 -> 174.5
A32: 45888 | D32: DAH-4491 | F32: 0.5 | G32: =G31+E32-F32 -> 174
A33: 45888 | D33: Service Truck | F33: 15 | G33: =G32+E33-F33 -> 159
A34: 45893 | D34: DAH-2491 | F34: 0.5 | G34: =G33+E34-F34 -> 158.5
A35: 45896 | D35: Service Truck | F35: 15 | G35: =G34+E35-F35 -> 143.5
A36: 45898 | D36: 28-4314 | F36: 0.5 | G36: =G35+E36-F36 -> 143
A37: 45901 | D37: PH-6747 | F37: 1 | G37: =G36+E37-F37 -> 142
A38: 45906 | D38: DAH-2491 | F38: 0.25 | G38: =G37+E38-F38 -> 141.75
A39: 45917 | D39: GL-0019 | F39: 1 | G39: =G38+E39-F39 -> 140.75
A40: 45927 | B40: 142529 | C40: 72111 | D40: Marawila | F40: 5 | G40: =G39+E40-F40 -> 135.75
A41: 45935 | D41: PH-6744 | F41: 1 | G41: =G40+E41-F41 -> 134.75
A42: 45936 | D42: ZA-8033 | F42: 2 | G42: =G41+E42-F42 -> 132.75
A43: 45943 | D43: LO-4524 | F43: 1 | G43: =G42+E43-F43 -> 131.75
A44: 45946 | D44: 325-5120 | F44: 2 | G44: =G43+E44-F44 -> 129.75
A45: 45954 | B45: 206977 | C45: 71319 | D45: Batticoloa-LOT/02 | F45: 4 | G45: =G44+E45-F45 -> 125.75
A46: 45955 | D46: PA-6399 | F46: 0.25 | G46: =G45+E46-F46 -> 125.5
A47: 45958 | D47: Service Truck | F47: 10 | G47: =G46+E47-F47 -> 115.5
A48: 45959 | B48: 2157 | C48: 71339 | D48: CEP-03 | F48: 20 | G48: =G47+E48-F48 -> 95.5
A49: 45965 | D49: LK-6738 | F49: 1 | G49: =G48+E49-F49 -> 94.5
A50: 45966 | D50: Service Truck | F50: 20 | G50: =G49+E50-F50 -> 74.5
A51: 45970 | B51: 142785 | C51: 64958 | D51: Marawila | F51: 8 | G51: =G50+E51-F51 -> 66.5
A52: 45972 | D52: 28-4314 | F52: 0.25 | G52: =G51+E52-F52 -> 66.25
A53: 45974 | D53: RS-0401 | F53: 2 | G53: =G52+E53-F53 -> 64.25
A54: 45975 | D54: RS-0401 | F54: 0.5 | G54: =G53+E54-F54 -> 63.75
A55: 45979 | D55: DAH-2231 | F55: 2 | G55: =G54+E55-F55 -> 61.75
A56: 45980 | D56: LC-0434 | F56: 0.5 | G56: =G55+E56-F56 -> 61.25
A57: 45980 | D57: 57-3062 | F57: 1.5 | G57: =G56+E57-F57 -> 59.75
A58: 46000 | D58: CEP-03 | F58: 15 | G58: =G57+E58-F58 -> 44.75
A59: 46000 | D59: ZA-8337 | F59: 15 | G59: =G58+E59-F59 -> 29.75
A60: 46001 | D60: ZB-1548-Ruwanwella | F60: 6 | G60: =G59+E60-F60 -> 23.75
A61: 46005 | D61: PA-4193 | F61: 1 | G61: =G60+E61-F61 -> 22.75
A62: 46006 | D62: ZB-1469 Tor Bowser | F62: 1 | G62: =G61+E62-F62 -> 21.75
A63: 46008 | D63: Service Truck | F63: 20 | G63: =G62+E63-F63 -> 1.75
... A65: 46013 | D65: LP-1569 | F65: 0.75 | G65: =G64+E65-F65 -> 0
A66: 46017 | D66: Excess Received | E66: 15 | G66: =G65+E66-F66 -> 15
A67: 46017 | D67: RS-0401 | F67: 15 | G67: =G66+E67-F67 -> 0
A68: 46024 | B68: 141299 | D68: Main Stores | E68: 210 | G68: =G67+E68-F68 -> 210
A69: 46024 | D69: LL-0623 | F69: 1 | G69: =G68+E69-F69 -> 209
A70: 46027 | D70: ZA-0447-Iginimitiya | F70: 20 | G70: =G69+E70-F70 -> 189
A71: 46031 | D71: 325-3448 | F71: 0.25 | G71: =G70+E71-F71 -> 188.75
A72: 46036 | B72: 2419 | C72: 58064 | D72: CEP-03 | F72: 25 | G72: =G71+E72-F72 -> 163.75
A73: 46037 | D73: LK-5048 | F73: 2 | G73: =G72+E73-F73 -> 161.75
A74: 46046 | D74: PA-6399 | F74: 0.25 | G74: =G73+E74-F74 -> 161.5
A75: 46048 | D75: ZA-8337 | F75: 1 | G75: =G74+E75-F75 -> 160.5
A76: 46053 | D76: LC-0434 | F76: 3 | G76: =G75+E76-F76 -> 157.5
A77: 46065 | D77: 51-7158 | F77: 1 | G77: =G76+E77-F77 -> 156.5
A78: 46068 | D78: 51-7158 | F78: 1 | G78: =G77+E78-F78 -> 155.5
A79: 46071 | D79: 51-7158 | F79: 1 | G79: =G78+E79-F79 -> 154.5
A80: 46072 | D80: 51-7158 | F80: 0.5 | G80: =G79+E80-F80 -> 154
A81: 46075 | D81: 48-4849 | F81: 2 | G81: =G80+E81-F81 -> 152
A82: 46076 | D82: LP-1720 | F82: 0.5 | G82: =G81+E82-F82 -> 151.5
A83: 46077 | D83: PJ-6376 | F83: 1 | G83: =G82+E83-F83 -> 150.5
A84: 46077 | D84: 57-3062 | F84: 1 | G84: =G83+E84-F84 -> 149.5
... A88: 46086 | D88: Service Truck | F88: 20 | G88: =G87+E88-F88 -> 112
A89: 46088 | B89: 2560 | C89: 58096 | D89: I Road Pro/EP/LOT-03 | F89: 10 | G89: =G88+E89-F89 -> 102
A90: 46089 | D90: PV-6399 | F90: 1 | G90: =G89+E90-F90 -> 101
A91: 46093 | D91: LY-1614 | F91: 0.5 | G91: =G90+E91-F91 -> 100.5
A92: 46094 | D92: LK-6738 | F92: 1 | G92: =G91+E92-F92 -> 99.5
A93: 46099 | D93: PC-7812 | F93: 1 | G93: =G92+E93-F93 -> 98.5
A94: 46134 | D94: LK-6738 | F94: 0.75 | G94: =G93+E94-F94 -> 97.75
A95: 46140 | D95: PH-0765 | F95: 1 | G95: =G94+E95-F95 -> 96.75
A96: 46157 | D96: 28-4314 | F96: 0.5 | G96: =G95+E96-F96 -> 96.25
A97: 46168 | D97: LK-2366 | F97: 0.5 | G97: =G96+E97-F97 -> 95.75
A98: 46171 | D98: 51-7158 | F98: 0.75 | G98: =G97+E98-F98 -> 95
A99: 46174 | D99: LY-4524 | F99: 1 | G99: =G98+E99-F99 -> 94
G100: =G99+E100-F100 -> 94
G101: =G100+E101-F101 -> 94
G102: =G101+E102-F102 -> 94
G103: =G102+E103-F103 -> 94
G104: =G103+E104-F104 -> 94
G105: =G104+E105-F105 -> 94
...

Sheet MP-90 Gear Oil
A1: Edward & Christie(Pvt)Ltd
A2: Central Work Shop Badalgama
A3: Fuel & Lubricant Stock Book
A4: MP-90 Gear Oil
A6: Date | B6: MR | C6: MTN | D6: Description | E6: Received | F6: Issued | G6: Balance | H6: Remark
A7: 45809 | D7: B/F Balance | G7: 91
A8: 45811 | D8: Main Stores | E8: 210 | G8: =G7+E8-F8 -> 301
A9: 45811 | D9: CEP-03 | F9: 100 | G9: =G8+E9-F9 -> 201
A10: 45819 | D10: LD-8875 | F10: 5 | G10: =G9+E10-F10 -> 196
A11: 45820 | D11: LI-3402 | F11: 3 | G11: =G10+E11-F11 -> 193
A12: 45822 | D12: LM-6653 | F12: 1 | G12: =G11+E12-F12 -> 192
A13: 45823 | D13: SR-04 | F13: 1 | G13: =G12+E13-F13 -> 191
A14: 45825 | D14: Batticoloa-LOT-02 | F14: 30 | G14: =G13+E14-F14 -> 161
A15: 45826 | D15: ZA-6255 | F15: 5 | G15: =G14+E15-F15 -> 156
A16: 45826 | D16: ZA-6255 | F16: 2 | G16: =G15+E16-F16 -> 154
A17: 45826 | D17: ZA-6255 | F17: 1 | G17: =G16+E17-F17 -> 153
A18: 45828 | D18: Service Truck | F18: 20 | G18: =G17+E18-F18 -> 133
A19: 45828 | D19: LC-0434 | F19: 1 | G19: =G18+E19-F19 -> 132
A20: 45832 | D20: Service Truck | F20: 50 | G20: =G19+E20-F20 -> 82
... A23: 45847 | D23: VR-71 | F23: 15 | G23: =G22+E23-F23 -> 51
A24: 45848 | D24: Excess Received | E24: 13 | G24: =G23+E24-F24 -> 64
A25: 45848 | D25: Muthur Plant | F25: 60 | G25: =G24+E25-F25 -> 4
A26: 45848 | D26: Service Truck | F26: 4 | G26: =G25+E26-F26 -> 0
A27: 45852 | D27: Main Stores | E27: 210 | G27: =G26+E27-F27 -> 210
A28: 45852 | B28: 1936 | C28: 31882 | D28: CEP-03 | F28: 20 | G28: =G27+E28-F28 -> 190
A29: 45851 | D29: HEX-29 | F29: 4 | G29: =G28+E29-F29 -> 186
A30: 45856 | D30: LK-2366 | F30: 8 | G30: =G29+E30-F30 -> 178
A31: 45859 | D31: LO-9810 | F31: 8 | G31: =G30+E31-F31 -> 170
A32: 45860 | D32: LL-1782 | F32: 2 | G32: =G31+E32-F32 -> 168
A33: 45861 | D33: HEX-21 | F33: 1.5 | G33: =G32+E33-F33 -> 166.5
A34: 45862 | D34: CEP-03 | F34: 50 | G34: =G33+E34-F34 -> 116.5
A35: 45869 | D35: RA-3052 | F35: 27 | G35: =G34+E35-F35 -> 89.5
A36: 45870 | B36: 173822 | C36: 6416 | D36: NBRO-Kalalgamuwa | F36: 4 | G36: =G35+E36-F36 -> 85.5
A37: 45872 | D37: HEX-45 | F37: 8 | G37: =G36+E37-F37 -> 77.5
A38: 45881 | D38: HEX-23 | F38: 10 | G38: =G37+E38-F38 -> 67.5
A39: 45883 | D39: RD-3536 | F39: 20 | G39: =G38+E39-F39 -> 47.5
A40: 45883 | D40: Main Stores | E40: 210 | G40: =G39+E40-F40 -> 257.5
A41: 45885 | D41: RD-3536 | F41: 3 | G41: =G40+E41-F41 -> 254.5
A42: 45885 | D42: RD-3536 | F42: 3 | G42: =G41+E42-F42 -> 251.5
A43: 45887 | D43: ZA-9716 | F43: 10 | G43: =G42+E43-F43 -> 241.5
A44: 45888 | D44: ZA-9716 | F44: 12 | G44: =G43+E44-F44 -> 229.5
A45: 45888 | D45: Service Truck | F45: 10 | G45: =G44+E45-F45 -> 219.5
A46: 45891 | D46: LL-1782 | F46: 3 | G46: =G45+E46-F46 -> 216.5
A47: 45893 | D47: ZB-2587 | F47: 13 | G47: =G46+E47-F47 -> 203.5
A48: 45897 | B48: 113943 | C48: 66442 | D48: Marawila Rd Project | F48: 20 | G48: =G47+E48-F48 -> 183.5
A49: 45899 | D49: CEP-03-E | F49: 5 | G49: =G48+E49-F49 -> 178.5
A50: 45901 | D50: CEP-03 | F50: 50 | G50: =G49+E50-F50 -> 128.5
A51: 45906 | D51: HEX-41 | F51: 1 | G51: =G50+E51-F51 -> 127.5
A52: 45909 | D52: HEX-41 | F52: 1 | G52: =G51+E52-F52 -> 126.5
A53: 45913 | D53: HEX-18 | F53: 3 | G53: =G52+E53-F53 -> 123.5
A54: 45918 | D54: LK-5047 | F54: 7 | G54: =G53+E54-F54 -> 116.5
A55: 45919 | C55: 66490 | D55: Port City | F55: 20 | G55: =G54+E55-F55 -> 96.5
A56: 45923 | D56: Returned From Port City | E56: 20 | G56: =G55+E56-F56 -> 116.5
A57: 45931 | D57: PH-6744 | F57: 4 | G57: =G56+E57-F57 -> 112.5
A58: 45932 | D58: HEX-41 | F58: 6 | G58: =G57+E58-F58 -> 106.5
A59: 45937 | D59: Batching Plant | F59: 4 | G59: =G58+E59-F59 -> 102.5
A60: 45941 | D60: HEX-41 | F60: 4 | G60: =G59+E60-F60 -> 98.5
A61: 45941 | B61: 124529 | C61: 72136 | D61: Marawila Rd Project | F61: 8 | G61: =G60+E61-F61 -> 90.5
A62: 45948 | B62: 2128 | C62: 71306 | D62: CEP-03 | F62: 50 | G62: =G61+E62-F62 -> 40.5
A63: 45952 | D63: LL-1782 | F63: 3 | G63: =G62+E63-F63 -> 37.5
A64: 45953 | D64: PJ-6376 | F64: 4 | G64: =G63+E64-F64 -> 33.5
A65: 45961 | D65: ZB-1546 | F65: 10 | G65: =G64+E65-F65 -> 23.5
A66: 45961 | D66: Excess Received | E66: 9.5 | G66: =G65+E66-F66 -> 33
A67: 45964 | D67: LK-6738 | F67: 3 | G67: =G66+E67-F67 -> 30
A68: 45966 | D68: Service Truck | F68: 5 | G68: =G67+E68-F68 -> 25
A69: 45967 | B69: 2175 | D69: CEP-03 | F69: 25 | G69: =G68+E69-F69 -> 0
A70: 45967 | D70: Excess Received | E70: 11 | G70: =G69+E70-F70 -> 11
A71: 45974 | D71: LO-5984 | F71: 1 | G71: =G70+E71-F71 -> 10
A72: 45976 | D72: Batching Plant | F72: 4 | G72: =G71+E72-F72 -> 6
A73: 45976 | D73: HEX-17 | F73: 6 | G73: =G72+E73-F73 -> 0
A74: 45980 | B74: 110793 | D74: Main Stores | E74: 210 | G74: =G73+E74-F74 -> 210
A75: 45980 | D75: CEP-03 | F75: 50 | G75: =G74+E75-F75 -> 160
A76: 45981 | D76: HEX-37 | F76: 1 | G76: =G75+E76-F76 -> 159
A77: 45982 | D77: HEX-37 | F77: 12 | G77: =G76+E77-F77 -> 147
A78: 45999 | D78: PH-3945 | F78: 6 | G78: =G77+E78-F78 -> 141
A79: 46000 | D79: CEP-03 | F79: 10 | G79: =G78+E79-F79 -> 131
A80: 46001 | D80: ZA-8337 | F80: 10 | G80: =G79+E80-F80 -> 121
A81: 46001 | D81: RC-9894 | F81: 35 | G81: =G80+E81-F81 -> 86
A82: 46001 | B82: 205956 | C82: 71969 | D82: Ruwanwella W/Pro | F82: 40 | G82: =G81+E82-F82 -> 46 | H82: ZB-1548
A83: 46003 | D83: PR-1469 | F83: 3 | G83: =G82+E83-F83 -> 43
A84: 46004 | C84: 5498 | D84: Rtd From Ruwanwella W/P | E84: 20 | G84: =G83+E84-F84 -> 63
A85: 46004 | D85: LK-6738 | F85: 5 | G85: =G84+E85-F85 -> 58
A86: 46005 | D86: PA-4193 | F86: 2.5 | G86: =G85+E86-F86 -> 55.5
A87: 46006 | D87: PA-4193 | F87: 1.5 | G87: =G86+E87-F87 -> 54
A88: 46006 | D88: PTR-10 | F88: 19 | G88: =G87+E88-F88 -> 35
A89: 46008 | D89: ZA-7925 | F89: 15 | G89: =G88+E89-F89 -> 20
A90: 46009 | D90: Service Truck | F90: 20 | G90: =G89+E90-F90 -> 0
A91: 46030 | B91: 142457 | D91: Main Stores | E91: 210 | G91: =G90+E91-F91 -> 210
A92: 46032 | B92: 2306 | C92: 64996 | D92: CEP-03 wadakada | F92: 50 | G92: =G91+E92-F92 -> 160
A93: 46033 | D93: Service Bay | F93: 1 | G93: =G92+E93-F93 -> 159
A94: 46036 | D94: LB-9496 | F94: 12 | G94: =G93+E94-F94 -> 147
A95: 46036 | D95: LB-01 | F95: 10 | G95: =G94+E95-F95 -> 137
A96: 46037 | D96: LN-8278 | F96: 3 | G96: =G95+E96-F96 -> 134
A97: 46039 | D97: PR-1504 | F97: 1 | G97: =G96+E97-F97 -> 133
A98: 46040 | D98: Service Truck | F98: 10 | G98: =G97+E98-F98 -> 123
A99: 46042 | D99: MG-03 | F99: 5 | G99: =G98+E99-F99 -> 118
A100: 46043 | D100: Asphalt Plant | F100: 5 | G100: =G99+E100-F100 -> 113
A101: 46047 | B101: 2469 | C101: 64367 | D101: CEP-03/E | F101: 10 | G101: =G100+E101-F101 -> 103
A102: 46056 | D102: PA-4879 | F102: 2 | G102: =G101+E102-F102 -> 101
A103: 46058 | B103: 2551 | C103: 64375 | D103: CEP-03 NEW | F103: 50 | G103: =G102+E103-F103 -> 51
...

Sheet 80W90 (Caltex)
A1: Edward & Christie(Pvt)Ltd
A2: Central Work Shop Badalgama
A3: Fuel & Lubricant Stock Book
A4: 80W90 Gear Oil
A6: Date | B6: MR | C6: MTN | D6: Description | E6: Received | F6: Issued | G6: Balance | H6: Remark
A7: 45809 | D7: B/F Balance | G7: 204.5
A8: 45810 | D8: Service Team | F8: 204.5 | G8: =G7+E8-F8 -> 0
A9: 45816 | D9: Returned From Service Team | E9: 10 | G9: =G8+E9-F9 -> 10
A10: 45816 | D10: LO-7183 | F10: 10 | G10: =G9+E10-F10 -> 0
A11: 45817 | D11: Returned From Service Team | E11: 10 | G11: =G10+E11-F11 -> 10
A12: 45817 | D12: LK-5041 | F12: 10 | G12: =G11+E12-F12 -> 0
A13: 45820 | D13: Returned From Service Team | E13: 2 | G13: =G12+E13-F13 -> 2
A14: 45820 | D14: LI-3402 | F14: 2 | G14: =G13+E14-F14 -> 0
A15: 45838 | B15: 7328 | D15: Main Stores | E15: 210 | G15: =G14+E15-F15 -> 210
A16: 45839 | D16: LP-1574 | F16: 10 | G16: =G15+E16-F16 -> 200
A17: 45839 | D17: LJ-5203 | F17: 9 | G17: =G16+E17-F17 -> 191
A18: 45841 | D18: HS-1794 | F18: 2 | G18: =G17+E18-F18 -> 189
A19: 45842 | D19: LP-1571 | F19: 9 | G19: =G18+E19-F19 -> 180
A20: 45845 | D20: LD-05 | F20: 24 | G20: =G19+E20-F20 -> 156
A21: 45846 | D21: LD-05 | F21: 4 | G21: =G20+E21-F21 -> 152
A22: 45881 | D22: PJ-6376 | F22: 4 | G22: =G21+E22-F22 -> 148
A23: 45851 | D23: LK-4057 | F23: 8 | G23: =G22+E23-F23 -> 140
A24: 45854 | D24: MG-18 | F24: 45 | G24: =G23+E24-F24 -> 95
A25: 45863 | D25: LD-06 | F25: 15 | G25: =G24+E25-F25 -> 80
A26: 45864 | D26: Service Team | F26: 20 | G26: =G25+E26-F26 -> 60
A27: 45868 | D27: LP-1572 | F27: 9 | G27: =G26+E27-F27 -> 51
... A32: 45893 | D32: ZB-2587 | F32: 17 | G32: =G31+E32-F32 -> 0.5
A33: 45896 | B33: 174541 | D33: Main Stores | E33: 210 | G33: =G32+E33-F33 -> 210.5
A34: 45896 | D34: Service Team | F34: 30 | G34: =G33+E34-F34 -> 180.5
A35: 45908 | D35: LP-1578 | F35: 8 | G35: =G34+E35-F35 -> 172.5
A36: 45908 | D36: LI-7620 | F36: 1 | G36: =G35+E36-F36 -> 171.5
A37: 45909 | D37: HU-5097 | F37: 0.5 | G37: =G36+E37-F37 -> 171
A38: 45918 | D38: LK-5047 | F38: 6 | G38: =G37+E38-F38 -> 165
A39: 45925 | D39: LO-4822 | F39: 1 | G39: =G38+E39-F39 -> 164
A40: 45931 | D40: DAH-2230 | F40: 3 | G40: =G39+E40-F40 -> 161
A41: 45941 | B41: 2111 | C41: 72137 | D41: CEP-03 | F41: 50 | G41: =G40+E41-F41 -> 111
A42: 45941 | D42: PD-6917 | F42: 4 | G42: =G41+E42-F42 -> 107
A43: 45944 | D43: Batching Plant | F43: 2 | G43: =G42+E43-F43 -> 105
A44: 45945 | D44: LO-4824 | F44: 9 | G44: =G43+E44-F44 -> 96
A45: 45962 | D45: LK-6738 | F45: 1 | G45: =G44+E45-F45 -> 95
A46: 45964 | D46: LK-6738 | F46: 5 | G46: =G45+E46-F46 -> 90
A47: 45966 | D47: Service Team | F47: 20 | G47: =G46+E47-F47 -> 70
A48: 45976 | D48: LM-5720 | F48: 1 | G48: =G47+E48-F48 -> 69
A49: 45980 | D49: 28-4314 | F49: 2.5 | G49: =G48+E49-F49 -> 66.5
A50: 46000 | D50: LK-5041 | F50: 10 | G50: =G49+E50-F50 -> 56.5
A51: 46001 | D51: 48-4849 | F51: 10 | G51: =G50+E51-F51 -> 46.5
A52: 46001 | B52: 205956 | C52: 71969 | D52: Ruwanwella LK-2366 | F52: 7 | G52: =G51+E52-F52 -> 39.5
A53: 46002 | B53: 205986 | C53: 71970 | D53: Ruwanwella W/Pro | F53: 23 | G53: =G52+E53-F53 -> 16.5
A54: 46007 | D54: Lathe Machine | F54: 10 | G54: =G53+E54-F54 -> 6.5
A55: 46007 | D55: Lathe Machine | F55: 6.5 | G55: =G54+E55-F55 -> 0
A56: 46007 | B56: 141260 | D56: Main Stores | E56: 210 | G56: =G55+E56-F56 -> 210
A57: 46008 | D57: LO-5984 | F57: 3 | G57: =G56+E57-F57 -> 207
A58: 46009 | D58: Lathe Machine | F58: 1.5 | G58: =G57+E58-F58 -> 205.5
A59: 46009 | D59: LD-06 | F59: 15 | G59: =G58+E59-F59 -> 190.5
A60: 46009 | D60: Service Team | F60: 20 | G60: =G59+E60-F60 -> 170.5
A61: 46009 | D61: LI-3851 | F61: 8 | G61: =G60+E61-F61 -> 162.5
A62: 46011 | D62: Service Team | F62: 20 | G62: =G61+E62-F62 -> 142.5
A63: 46011 | D63: LO-4822 | F63: 9 | G63: =G62+E63-F63 -> 133.5
A64: 46013 | D64: 41-7225 | F64: 6.5 | G64: =G63+E64-F64 -> 127
A65: 46013 | D65: LE-4986 | F65: 6 | G65: =G64+E65-F65 -> 121
A66: 46013 | D66: LP-1569 | F66: 1 | G66: =G65+E66-F66 -> 120
A67: 46013 | D67: LK-4057 | F67: 10 | G67: =G66+E67-F67 -> 110
A68: 46013 | D68: 49-5294 | F68: 28 | G68: =G67+E68-F68 -> 82
... A75: 46019 | D75: PA-4879 | F75: 3 | G75: =G74+E75-F75 -> 2.5
A76: 46036 | B76: 142464 | D76: Main Stores | E76: 210 | G76: =G75+E76-F76 -> 212.5
A77: 46036 | B77: 2419 | C77: 58064 | D77: CEP-03 | F77: 25 | G77: =G76+E77-F77 -> 187.5
A78: 46039 | D78: PR-1504 | F78: 1.5 | G78: =G77+E78-F78 -> 186
A79: 46040 | D79: Service Team | F79: 20 | G79: =G78+E79-F79 -> 166
A80: 46043 | D80: SR-13 | F80: 1 | G80: =G79+E80-F80 -> 165
A81: 46051 | D81: LK-5047 | F81: 7 | G81: =G80+E81-F81 -> 158
A82: 46055 | D82: PA-4879 | F82: 3 | G82: =G81+E82-F82 -> 155
A83: 46061 | D83: LK-5041 | F83: 9 | G83: =G82+E83-F83 -> 146
A84: 46073 | D84: LO-4823 | F84: 1 | G84: =G83+E84-F84 -> 145
A85: 46073 | D85: Service Karture | F85: 0.5 | G85: =G84+E85-F85 -> 144.5
A86: 46078 | D86: LO-9810 | F86: 3 | G86: =G85+E86-F86 -> 141.5
A87: 46083 | D87: ZA-6395 | F87: 6 | G87: =G86+E87-F87 -> 135.5
A88: 46085 | D88: Service Team | F88: 10 | G88: =G87+E88-F88 -> 125.5
A89: 46086 | D89: Service Team | F89: 30 | G89: =G88+E89-F89 -> 95.5
... A100: 46157 | D100: LN-1867 | F100: 3 | G100: =G99+E100-F100 -> 34
G101: =G100+E101-F101 -> 34
G102: =G101+E102-F102 -> 34
G103: =G102+E103-F103 -> 34
G104: =G103+E104-F104 -> 34
G105: =G104+E105-F105 -> 34
G106: =G105+E106-F106 -> 34
G107: =G106+E107-F107 -> 34
G108: =G107+E108-F108 -> 34
G109: =G108+E109-F109 -> 34
G110: =G109+E110-F110 -> 34
G111: =G110+E111-F111 -> 34
G112: =G111+E112-F112 -> 34
... G115: =G114+E115-F115 -> 34

Sheet 80W90 G-Oil (Servo)
A1: Edward & Christie(Pvt)Ltd
A2: Central Work Shop Badalgama
A3: Fuel & Lubricant Stock Book
A4: 80W90 Gear Oil (Servo)
A6: Date | B6: MR | C6: MTN | D6: Description | E6: Received | F6: Issued | G6: Balance | H6: Remark
A7: 45961 | E7: 210 | G7: =E7 -> 210
A8: 45962 | D8: LK-6738 | F8: 1 | G8: =G7+E8-F8 -> 209
A9: 46366 | D9: ZA-8337 | F9: 15 | G9: =G8+E9-F9 -> 194
A10: 46007 | D10: Lathe Machine | F10: 15 | G10: =G9+E10-F10 -> 179
A11: 46017 | D11: LD-05 | F11: 26 | G11: =G10+E11-F11 -> 153
A12: 46018 | D12: LI-7620 | F12: 9 | G12: =G11+E12-F12 -> 144
A13: 46020 | D13: LK-4061 | F13: 8 | G13: =G12+E13-F13 -> 136
A14: 46020 | D14: HS-1794 | F14: 7 | G14: =G13+E14-F14 -> 129
A15: 6 | D15: 325-3448 | F15: 5 | G15: =G14+E15-F15 -> 124
A16: 46033 | D16: PA-4879 | F16: 3.5 | G16: =G15+E16-F16 -> 120.5
A17: 46035 | D17: LK-5048 | F17: 5 | G17: =G16+E17-F17 -> 115.5
A18: 46036 | D18: LB-01 | F18: 20 | G18: =G17+E18-F18 -> 95.5
A19: 46051 | D19: Lathe Machine | F19: 3 | G19: =G18+E19-F19 -> 92.5
... A22: 46177 | D22: LI-3851 | F22: 10 | G22: =G21+E22-F22 -> 63.5
G23: =G22+E23-F23 -> 63.5
G24: =G23+E24-F24 -> 63.5
G25: =G24+E25-F25 -> 63.5
G26: =G25+E26-F26 -> 63.5
G27: =G26+E27-F27 -> 63.5
G28: =G27+E28-F28 -> 63.5
G29: =G28+E29-F29 -> 63.5
G30: =G29+E30-F30 -> 63.5
G31: =G30+E31-F31 -> 63.5
G32: =G31+E32-F32 -> 63.5
G33: =G32+E33-F33 -> 63.5
G34: =G33+E34-F34 -> 63.5
... G62: =G61+E62-F62 -> 63.5

Sheet MP-140 G-Oil
A1: Edward & Christie(Pvt)Ltd
A2: Central Work Shop Badalgama
A3: Fuel & Lubricant Stock Book
A4: MP-140 Gear Oil
A6: Date | B6: MR | C6: MTN | D6: Description | E6: Received | F6: Issued | G6: Balance | H6: Remark
G7: 124
A8: 45810 | D8: Service Team | F8: 124 | G8: =G7+E8-F8 -> 0
A9: 45812 | D9: Returned From Service Team | E9: 65 | G9: =G8+E9-F9 -> 65
A10: 45816 | D10: LO-7183 | F10: 15 | G10: =G9+E10-F10 -> 50
A11: 45817 | D11: LK-5041 | F11: 30 | G11: =G10+E11-F11 -> 20
A12: 45825 | D12: LP-1569 | F12: 15 | G12: =G11+E12-F12 -> 5
A13: 45833 | D13: Main Stores | E13: 210 | G13: =G12+E13-F13 -> 215
A14: 45833 | D14: Service Team | F14: 60 | G14: =G13+E14-F14 -> 155
A15: 45842 | D15: LP-1574 | F15: 17 | G15: =G14+E15-F15 -> 138
A16: 45871 | D16: LP-1568 | F16: 14 | G16: =G15+E16-F16 -> 124
A17: 45885 | D17: LY-1614 | F17: 16 | G17: =G16+E17-F17 -> 108
A18: 45887 | D18: HO-9850 | F18: 14.5 | G18: =G17+E18-F18 -> 93.5
A19: 45908 | D19: LP-1578 | F19: 14 | G19: =G18+E19-F19 -> 79.5
A20: 45928 | D20: LN-8278 | F20: 7 | G20: =G19+E20-F20 -> 72.5
A21: 45929 | D21: 48-4849 | F21: 1 | G21: =G20+E21-F21 -> 71.5
A22: 45929 | D22: LP-1577 | F22: 13 | G22: =G21+E22-F22 -> 58.5
A23: 45937 | D23: Service Team | F23: 20 | G23: =G22+E23-F23 -> 38.5
A24: 45946 | D24: LO-4824 | F24: 14 | G24: =G23+E24-F24 -> 24.5
A25: 45974 | D25: Main Stores | E25: 210 | G25: =G24+E25-F25 -> 234.5
A26: 45974 | D26: LO-5984 | F26: 14 | G26: =G25+E26-F26 -> 220.5
A27: 45976 | D27: LM-5720 | F27: 17 | G27: =G26+E27-F27 -> 203.5
A28: 45998 | D28: LO-0434 | F28: 10 | G28: =G27+E28-F28 -> 193.5
A29: 46000 | D29: LK-5041 | F29: 15 | G29: =G28+E29-F29 -> 178.5
A30: 46001 | D30: 48-4849 | F30: 10 | G30: =G29+E30-F30 -> 168.5
A31: 46008 | D31: LO-5984 | F31: 2 | G31: =G30+E31-F31 -> 166.5
A32: 46008 | D32: ZA-7925 | F32: 17 | G32: =G31+E32-F32 -> 149.5
A33: 46009 | D33: LI-3851 | F33: 13 | G33: =G32+E33-F33 -> 136.5
A34: 46012 | D34: LO-4822 | F34: 14 | G34: =G33+E34-F34 -> 122.5
A35: 46013 | D35: LK-4057 | F35: 15 | G35: =G34+E35-F35 -> 107.5
A36: 46013 | D36: LE-4986 | F36: 12 | G36: =G35+E36-F36 -> 95.5
A37: 46014 | D37: LJ-8055 | F37: 7 | G37: =G36+E37-F37 -> 88.5
... A40: 46018 | D40: LI-7620 | F40: 14 | G40: =G39+E40-F40 -> 26.5
A41: 46024 | D41: Main Stores | E41: 210 | G41: =G40+E41-F41 -> 236.5
A42: 46024 | D42: LK-4061 | F42: 34 | G42: =G41+E42-F42 -> 202.5
A43: 46036 | D43: LK-5048 | F43: 5 | G43: =G42+E43-F43 -> 197.5
A44: 46037 | D44: ZA-7925 | F44: 15 | G44: =G43+E44-F44 -> 182.5
A45: 46076 | D45: LK-5041 | F45: 18 | G45: =G44+E45-F45 -> 164.5
A46: 46146 | D46: Service Team | F46: 20 | G46: =G45+E46-F46 -> 144.5
A47: 46151 | D47: LC-0434 | F47: 13 | G47: =G46+E47-F47 -> 131.5
A48: 46161 | D48: LP-1571 | F48: 4.5 | G48: =G47+E48-F48 -> 127
A49: 46162 | D49: LO-8349 | F49: 2 | G49: =G48+E49-F49 -> 125
A50: 46163 | D50: LP-1568 | F50: 1 | G50: =G49+E50-F50 -> 124
G51: =G50+E51-F51 -> 124
G52: =G51+E52-F52 -> 124
G53: =G52+E53-F53 -> 124
G54: =G53+E54-F54 -> 124
G55: =G54+E55-F55 -> 124
G56: =G55+E56-F56 -> 124
G57: =G56+E57-F57 -> 124
G58: =G57+E58-F58 -> 124
G59: =G58+E59-F59 -> 124
G60: =G59+E60-F60 -> 124
G61: =G60+E61-F61 -> 124
G62: =G61+E62-F62 -> 124

Sheet Grease
A1: Edward & Christie(Pvt)Ltd
A2: Central Work Shop Badalgama
A3: Fuel & Lubricant Stock Book
A4: GREASE
A6: Date | B6: MR | C6: MTN | D6: Description | E6: Received | F6: Issued | G6: Balance | H6: Remark
A7: 45809 | D7: B/F Balance | G7: 0
A8: 45811 | B8: 5141 | D8: Main Stores | E8: 182 | G8: =G7+E8-F8 -> 182
A9: 45811 | B9: 1837 | C9: 2456 | D9: CEP-03 | F9: 100 | G9: =G8+E9-F9 -> 82
A10: 45812 | B10: 179993 | C10: 2457 | D10: Batticoloa | F10: 50 | G10: =G9+E10-F10 -> 32
A11: 45815 | D11: Service Team | F11: 10 | G11: =G10+E11-F11 -> 22
A12: 45820 | D12: LM-6653 | F12: 1 | G12: =G11+E12-F12 -> 21
A13: 45821 | B13: 23932 | C13: 2468 | D13: Ruwanwella W/Project | F13: 20 | G13: =G12+E13-F13 -> 1
A14: 45822 | D14: Main Stores | E14: 182 | G14: =G13+E14-F14 -> 183
A15: 45825 | B15: 21019 | C15: 2471 | D15: Iginimitiya | F15: 5 | G15: =G14+E15-F15 -> 178
A16: 45825 | D16: Batticoloa-LOT-02 | F16: 100 | G16: =G15+E16-F16 -> 78
A17: 45825 | D17: Service Team | F17: 10 | G17: =G16+E17-F17 -> 68
A18: 45836 | B18: 113602 | C18: 2495 | D18: Batticoloa-LOT-03 | F18: 10 | G18: =G17+E18-F18 -> 58
A19: 45838 | D19: Asphalt Plant | F19: 2 | G19: =G18+E19-F19 -> 56
A20: 45839 | D20: CEP-03 | F20: 10 | G20: =G19+E20-F20 -> 46
A21: 45840 | B21: 23117 | C21: 31859 | D21: Ruwanwella W/Project | F21: 15 | G21: =G20+E21-F21 -> 31
A22: 45840 | B22: 7331 | D22: Main Stores | E22: 182 | G22: =G21+E22-F22 -> 213
A23: 45841 | B23: 23177 | C23: 31861 | D23: Ruwanwella W/Project | F23: 15 | G23: =G22+E23-F23 -> 198
A24: 45842 | B24: 1864 | C24: 31864 | D24: CEP-03-E | F24: 100 | G24: =G23+E24-F24 -> 98
A25: 45843 | D25: Asphalt Plant | F25: 5 | G25: =G24+E25-F25 -> 93
A26: 45843 | D26: Service Team | F26: 10 | G26: =G25+E26-F26 -> 83
A27: 45843 | D27: LP-1571 | F27: 3 | G27: =G26+E27-F27 -> 80
A28: 45844 | D28: Service Bay | F28: 15 | G28: =G27+E28-F28 -> 65
A29: 45846 | D29: CEP-03 | F29: 20 | G29: =G28+E29-F29 -> 45
A30: 45848 | D30: Kilinochchi. | F30: 10 | G30: =G29+E30-F30 -> 35
A31: 45854 | D31: NBRO-Kalalgamuwa | F31: 15 | G31: =G30+E31-F31 -> 20
A32: 45859 | D32: Marawila Rd/Project | F32: 5 | G32: =G31+E32-F32 -> 15
A33: 45860 | D33: Main Stores | E33: 182 | G33: =G32+E33-F33 -> 197
A34: 45861 | D34: LO-7855 | F34: 3 | G34: =G33+E34-F34 -> 194
A35: 45862 | D35: CEP-03 | F35: 50 | G35: =G34+E35-F35 -> 144
A36: 45865 | B36: 113637 | C36: 31900 | D36: Batticoloa-LOT-03 | F36: 50 | G36: =G35+E36-F36 -> 94
A37: 45866 | D37: Service Bay | F37: 15 | G37: =G36+E37-F37 -> 79
A38: 45873 | D38: HEX-45 | F38: 5.5 | G38: =G37+E38-F38 -> 73.5
A39: 45875 | B39: 174518 | D39: Main Stores | E39: 182 | G39: =G38+E39-F39 -> 255.5
A40: 45875 | B40: 4797 | C40: 6430 | D40: Kilinochchi. | F40: 22 | G40: =G39+E40-F40 -> 233.5
A41: 45875 | B41: 1979 | C41: 6429 | D41: CEP-03 | F41: 60 | G41: =G40+E41-F41 -> 173.5
A42: 45875 | B42: 125534 | C42: 6439 | D42: TR-01 | F42: 40 | G42: =G41+E42-F42 -> 133.5
A43: 45879 | D43: Service Bay | F43: 15 | G43: =G42+E43-F43 -> 118.5
A44: 45881 | D44: CEP-03-E | F44: 70 | G44: =G43+E44-F44 -> 48.5
A45: 45885 | B45: 205488 | C45: 6446 | D45: Ruwanwella W/Project | F45: 25 | G45: =G44+E45-F45 -> 23.5
A46: 45890 | B46: 173172 | C46: 66419 | D46: Iginimitiya | F46: 20 | G46: =G45+E46-F46 -> 3.5
A47: 45897 | B47: 174543 | D47: Main Stores | E47: 182 | G47: =G46+E47-F47 -> 185.5
A48: 45897 | B48: 113943 | C48: 66442 | D48: Marawila Rd/Project | F48: 17 | G48: =G47+E48-F48 -> 168.5
A49: 45897 | D49: 01Bag Cn.Mixer | F49: 3.5 | G49: =G48+E49-F49 -> 165
A50: 45899 | D50: CEP-03 | F50: 20 | G50: =G49+E50-F50 -> 145
A51: 45902 | D51: Port City | F51: 20 | G51: =G50+E51-F51 -> 125
A52: 45902 | B52: 170032 | C52: 66454 | D52: Mundalama State | F52: 5 | G52: =G51+E52-F52 -> 120
A53: 45905 | D53: Service Bay | F53: 10 | G53: =G52+E53-F53 -> 110
A54: 45906 | D54: HEX-17 | F54: 3 | G54: =G53+E54-F54 -> 107
A55: 45913 | D55: Iginimitiya | F55: 10 | G55: =G54+E55-F55 -> 97
A56: 45913 | B56: 206132 | C56: 66479 | D56: Ruwanwella W/Project | F56: 20 | G56: =G55+E56-F56 -> 77
A57: 45915 | B57: 110658 | D57: Main Stores | E57: 182 | G57: =G56+E57-F57 -> 259
A58: 45915 | B58: 2028 | C58: 66481 | D58: CEP-03-E | F58: 100 | G58: =G57+E58-F58 -> 159
A59: 45915 | B59: 2049 | C59: 66482 | D59: CEP-03 | F59: 50 | G59: =G58+E59-F59 -> 109
A60: 45919 | C60: 66490 | D60: Port City | F60: 15 | G60: =G59+E60-F60 -> 94
A61: 45925 | D61: HEX-42 | F61: 3 | G61: =G60+E61-F61 -> 91
A62: 45925 | B62: 110674 | D62: Main Stores | E62: 182 | G62: =G61+E62-F62 -> 273
A63: 45925 | B63: 179935 | C63: 72101 | D63: TR-01-Serunuwara | F63: 50 | G63: =G62+E63-F63 -> 223
A64: 45926 | B64: 76257 | C64: 72103 | D64: Muthur Plant | F64: 100 | G64: =G63+E64-F64 -> 123
A65: 45927 | D65: Service Bay | F65: 10 | G65: =G64+E65-F65 -> 113
A66: 45927 | B66: 142529 | C66: 72111 | D66: Marawila Rd/Project | F66: 26 | G66: =G65+E66-F66 -> 87
A67: 45929 | D67: HEX-18 | F67: 1 | G67: =G66+E67-F67 -> 86
A68: 45929 | D68: Asphalt Plant | F68: 4 | G68: =G67+E68-F68 -> 82
A69: 45930 | B69: 2083 | C69: 72117 | D69: CEP-03 | F69: 82 | G69: =G68+E69-F69 -> 0
A70: 45933 | B70: 110685 | D70: Main Stores | E70: 182 | G70: =G69+E70-F70 -> 182
A71: 45934 | D71: Asphalt Team | F71: 10 | G71: =G70+E71-F71 -> 172
A72: 45937 | D72: SR-19 | F72: 1 | G72: =G71+E72-F72 -> 171
A73: 45940 | B73: 206068 | C73: 72135 | D73: Ruwanwella W/Project | F73: 19 | G73: =G72+E73-F73 -> 152
A74: 45941 | D74: Service Bay | F74: 10 | G74: =G73+E74-F74 -> 142
A75: 45943 | D75: HEX-41 | F75: 2 | G75: =G74+E75-F75 -> 140
A76: 45948 | B76: 2127 | C76: 71307 | D76: CEP-03 | F76: 75 | G76: =G75+E76-F76 -> 65
A77: 45950 | D77: LO-7855 | F77: 3 | G77: =G76+E77-F77 -> 62
A78: 45953 | B78: 110753 | D78: Main Stores | E78: 182 | G78: =G77+E78-F78 -> 244
A79: 45954 | B79: 206977 | C79: 71319 | D79: Batticoloa-LOT-02 | F79: 15 | G79: =G78+E79-F79 -> 229
A80: 45954 | B80: 112654 | C80: 71320 | D80: TR-01 | F80: 20 | G80: =G79+E80-F80 -> 209
A81: 45958 | D81: LN-8277 | F81: 0.5 | G81: =G80+E81-F81 -> 208.5
A82: 45958 | D82: HEX-18 | F82: 0.5 | G82: =G81+E82-F82 -> 208
A83: 45958 | B83: 5989 | C83: 71334 | D83: Mallawagedara Bridge | F83: 3 | G83: =G82+E83-F83 -> 205 | H83: ZB-1546
A84: 45961 | B84: 2163 | C84: 71342 | D84: CEP-03 | F84: 60 | G84: =G83+E84-F84 -> 145
A85: 45962 | B85: 24387 | C85: 71348 | D85: BT-03(Kalawanchikudi) | F85: 20 | G85: =G84+E85-F85 -> 125
A86: 45964 | D86: LB-25 | F86: 3 | G86: =G85+E86-F86 -> 122
A87: 45970 | B87: 142787 | C87: 64961 | D87: Marawila Rd/Project | F87: 10 | G87: =G86+E87-F87 -> 112
A88: 45970 | B88: 142781 | C88: 64958 | D88: Marawila Rd/Project | F88: 20 | G88: =G87+E88-F88 -> 92
A89: 45970 | B89: 174653 | C89: 64963 | D89: Port City | F89: 15 | G89: =G88+E89-F89 -> 77
A90: 45911 | B90: 24387 | C90: 64966 | D90: BT-03(Kalawanchikudi) | F90: 10 | G90: =G89+E90-F90 -> 67
A91: 45972 | B91: 206977 | C91: 64967 | D91: Batticoloa-LOT-02 | F91: 5 | G91: =G90+E91-F91 -> 62
A92: 45972 | B92: 206018 | C92: 64968 | D92: Ruwanwella W/Project | F92: 20 | G92: =G91+E92-F92 -> 42
A93: 45975 | D93: New Con.Mixer-CM-33 | F93: 0.5 | G93: =G92+E93-F93 -> 41.5
A94: 45976 | B94: 110785 | D94: Main Stores | E94: 182 | G94: =G93+E94-F94 -> 223.5
A95: 45976 | B95: 2185 | C95: 71956 | D95: CEP-03-E | F95: 60 | G95: =G94+E95-F95 -> 163.5
A96: 45977 | D96: Service Bay | F96: 10 | G96: =G95+E96-F96 -> 153.5
A97: 45981 | B97: 2209 | C97: 71966 | D97: CEP-03 | F97: 60 | G97: =G96+E97-F97 -> 93.5
A98: 45982 | B98: 207030 | C98: 71967 | D98: Karathiu Bridge Site | F98: 10 | G98: =G97+E98-F98 -> 83.5
A99: 45984 | B99: 127651 | C99: 64972 | D99: Marawila Rd/Project | F99: 17 | G99: =G98+E99-F99 -> 66.5
A100: 45988 | D100: ZA-8337 | F100: 0.5 | G100: =G99+E100-F100 -> 66
A101: 45988 | D101: ZA-8337 | F101: 10 | G101: =G100+E101-F101 -> 56
...

Sheet K-Oil
A1: Edward & Christie(Pvt)Ltd
A2: Central Work Shop Badalgama
A3: Fuel & Lubricant Stock Book
A4: 15W40 (CI-04)Engine Oil
A6: Date | B6: MR | C6: MTN | D6: Description | E6: Received | F6: Issued | G6: Balance | H6: Remark
A7: 45916 | B7: 6494 | G7: 21.6
A8: 45917 | D8: New Where House Building | F8: 1 | G8: =G7+E8-F8 -> 20.6
A9: 45917 | D9: ZA-8033 | F9: 2 | G9: =G8+E9-F9 -> 18.6
A10: 45918 | D10: HEX-45 | F10: 2.5 | G10: =G9+E10-F10 -> 16.1
A11: 45918 | D11: LK-5047 | F11: 3 | G11: =G10+E11-F11 -> 13.1
A12: 45919 | D12: LK-6740 | F12: 3 | G12: =G11+E12-F12 -> 10.1
A13: 45922 | D13: Asphalt Plant | F13: 2 | G13: =G12+E13-F13 -> 8.1
A14: 45923 | D14: LM-5720 | F14: 1 | G14: =G13+E14-F14 -> 7.1
A15: 45923 | D15: YARD | F15: 1.5 | G15: =G14+E15-F15 -> 5.6
A16: 45923 | D16: PTR-01 | F16: 2 | G16: =G15+E16-F16 -> 3.6
A17: 45924 | D17: MGS-01 | F17: 1 | G17: =G16+E17-F17 -> 2.6
A18: 45924 | D18: LP-1578 | F18: 1 | G18: =G17+E18-F18 -> 1.6
A19: 45924 | D19: YARD | F19: 1.6 | G19: =G18+E19-F19 -> 0
A20: 45926 | E20: 10 | G20: =G19+E20-F20 -> 10
A21: 45926 | D21: LM-6653 | F21: 1 | G21: =G20+E21-F21 -> 9
A22: 45926 | D22: PTR-01 | F22: 1 | G22: =G21+E22-F22 -> 8
A23: 45926 | D23: LM-6653 | F23: 2 | G23: =G22+E23-F23 -> 6
A24: 45926 | D24: CR-02 | F24: 0.5 | G24: =G23+E24-F24 -> 5.5
A25: 45926 | D25: LM-6653 | F25: 1 | G25: =G24+E25-F25 -> 4.5
A26: 45927 | D26: LM-6653 | F26: 2 | G26: =G25+E26-F26 -> 2.5
A27: 45927 | D27: LN-8279 | F27: 2 | G27: =G26+E27-F27 -> 0.5
A28: 45927 | D28: PTR-01 | F28: 0.5 | G28: =G27+E28-F28 -> 0
A29: 45927 | D29: L/P | E29: 10 | G29: =G28+E29-F29 -> 10
A30: 45928 | D30: Servce Bay | F30: 1 | G30: =G29+E30-F30 -> 9
A31: 45929 | D31: 48-4849 | F31: 1 | G31: =G30+E31-F31 -> 8
A32: 45932 | D32: ZA-8033 | F32: 2 | G32: =G31+E32-F32 -> 6
A33: 45933 | D33: PA-6399 | F33: 2 | G33: =G32+E33-F33 -> 4
A34: 45934 | D34: Alternater Cleanig | F34: 1 | G34: =G33+E34-F34 -> 3
A35: 45934 | D35: HEX-17 | F35: 2 | G35: =G34+E35-F35 -> 1
A36: 45935 | D36: GE-04 | F36: 1 | G36: =G35+E36-F36 -> 0
A37: 45935 | D37: L/P | E37: 20.6 | G37: =G36+E37-F37 -> 20.6
A38: 45937 | D38: PD-6917 | F38: 2 | G38: =G37+E38-F38 -> 18.6
A39: 45940 | D39: LL-1782 | F39: 2 | G39: =G38+E39-F39 -> 16.6
A40: 45940 | D40: LL-1782 | F40: 2 | G40: =G39+E40-F40 -> 14.6
A41: 45940 | D41: LK-5041 | F41: 1.6 | G41: =G40+E41-F41 -> 13
A42: 45942 | D42: LD-05 | F42: 2 | G42: =G41+E42-F42 -> 11
A43: 45942 | D43: HEX-41 | F43: 2 | G43: =G42+E43-F43 -> 9
A44: 45944 | D44: HEX-18 | F44: 1.5 | G44: =G43+E44-F44 -> 7.5
A45: 45944 | D45: 325-5120 | F45: 3 | G45: =G44+E45-F45 -> 4.5
A46: 45945 | D46: Light Plant Clean | F46: 1.5 | G46: =G45+E46-F46 -> 3
A47: 45946 | D47: LO-4824 | F47: 1 | G47: =G46+E47-F47 -> 2
A48: 45946 | D48: HEX-17 | F48: 2 | G48: =G47+E48-F48 -> 0
A49: 45946 | D49: L/P | E49: 22 | G49: =G48+E49-F49 -> 22
A50: 45948 | D50: HEX-17 | F50: 4 | G50: =G49+E50-F50 -> 18
A51: 45948 | D51: HCC-09 | F51: 1 | G51: =G50+E51-F51 -> 17
A52: 45949 | D52: Guarden Clean | F52: 3.5 | G52: =G51+E52-F52 -> 13.5
A53: 45950 | D53: LO-9810 | F53: 2 | G53: =G52+E53-F53 -> 11.5
A54: 45950 | D54: HEX-17 | F54: 4 | G54: =G53+E54-F54 -> 7.5
A55: 45951 | D55: MG-04 | F55: 2 | G55: =G54+E55-F55 -> 5.5
A56: 45952 | D56: Air Compressor | F56: 1.5 | G56: =G55+E56-F56 -> 4
A57: 45953 | D57: HEX-17 | F57: 1 | G57: =G56+E57-F57 -> 3
A58: 45955 | D58: LO-7183 | F58: 1.5 | G58: =G57+E58-F58 -> 1.5
A59: 45955 | D59: LO-7183 | F59: 1.5 | G59: =G58+E59-F59 -> 0
A60: 45955 | D60: L/P | E60: 20 | G60: =G59+E60-F60 -> 20
A61: 45960 | D61: Lathe-Shop | F61: 1.5 | G61: =G60+E61-F61 -> 18.5
A62: 45960 | D62: LO-7183 | F62: 2 | G62: =G61+E62-F62 -> 16.5
A63: 45961 | D63: 253-2576 | F63: 1.5 | G63: =G62+E63-F63 -> 15
A64: 45961 | D64: PH-6744 | F64: 4 | G64: =G63+E64-F64 -> 11
A65: 45961 | D65: HEX-17 | F65: 3 | G65: =G64+E65-F65 -> 8
A66: 45961 | D66: BET-3772 | F66: 1 | G66: =G65+E66-F66 -> 7
A67: 45966 | D67: Guarden Clean | F67: 2 | G67: =G66+E67-F67 -> 5
A68: 45966 | D68: LM-8278 | F68: 2 | G68: =G67+E68-F68 -> 3
A69: 45968 | D69: Motor Washing | F69: 1.5 | G69: =G68+E69-F69 -> 1.5
A70: 45968 | D70: LE-4986 | F70: 1.5 | G70: =G69+E70-F70 -> 0
A71: 45969 | D71: L/P | E71: 20 | G71: =G70+E71-F71 -> 20
A72: 45970 | D72: Guarden Clean | F72: 2 | G72: =G71+E72-F72 -> 18
A73: 45971 | D73: LK-2266 | F73: 1.5 | G73: =G72+E73-F73 -> 16.5
A74: 45971 | D74: LK-5041 | F74: 2 | G74: =G73+E74-F74 -> 14.5
A75: 45972 | D75: LO-4925 | F75: 1.5 | G75: =G74+E75-F75 -> 13
A76: 45972 | D76: 48-4849 | F76: 2 | G76: =G75+E76-F76 -> 11
A77: 45972 | D77: LK-2366 | F77: 1 | G77: =G76+E77-F77 -> 10
A78: 45972 | D78: LK-2366 | F78: 2 | G78: =G77+E78-F78 -> 8
A79: 45973 | D79: LK-2366 | F79: 1.5 | G79: =G78+E79-F79 -> 6.5
A80: 45974 | D80: LM-8278 | F80: 1.5 | G80: =G79+E80-F80 -> 5
A81: 45974 | D81: LI-3402 | F81: 1 | G81: =G80+E81-F81 -> 4
A82: 45974 | D82: LI-3401 | F82: 0.5 | G82: =G81+E82-F82 -> 3.5
A83: 45974 | D83: 48-8072 | F83: 2 | G83: =G82+E83-F83 -> 1.5
A84: 46340 | D84: ZB-1521 | F84: 1.5 | G84: =G83+E84-F84 -> 0
A85: 46341 | D85: L/P | E85: 21 | G85: =G84+E85-F85 -> 21
A86: 46341 | D86: AC-34 | F86: 5 | G86: =G85+E86-F86 -> 16
A87: 46341 | D87: LM-5720 | F87: 1 | G87: =G86+E87-F87 -> 15
A88: 46341 | D88: AC-34 | F88: 1 | G88: =G87+E88-F88 -> 14
A89: 46341 | D89: GE-143 | F89: 1 | G89: =G88+E89-F89 -> 13
A90: 46342 | D90: LK-2366 | F90: 1 | G90: =G89+E90-F90 -> 12
A91: 46342 | D91: LY-4524 | F91: 0.5 | G91: =G90+E91-F91 -> 11.5
A92: 46342 | D92: ZA-8337 | F92: 2 | G92: =G91+E92-F92 -> 9.5
A93: 46342 | D93: LY-4524 | F93: 1.5 | G93: =G92+E93-F93 -> 8
A94: 46343 | D94: LK-2366 | F94: 1 | G94: =G93+E94-F94 -> 7
A95: 46343 | D95: HEX-37 | F95: 2 | G95: =G94+E95-F95 -> 5
A96: 46344 | D96: 48-4849 | F96: 1.5 | G96: =G95+E96-F96 -> 3.5
A97: 46344 | D97: LD-05 | F97: 2 | G97: =G96+E97-F97 -> 1.5
... A99: 46345 | D99: LK-6738 | F99: 0.5 | G99: =G98+E99-F99 -> 0
A100: 46367 | D100: STORES | E100: 21 | G100: =G99+E100-F100 -> 21
A101: 46367 | D101: STORES R/ENGINE R CLE. | F101: 15 | G101: =G100+E101-F101 -> 6
A102: 46371 | D102: LATHE SHOP | F102: 1.5 | G102: =G101+E102-F102 -> 4.5
...

Sheet PETROL
A1: Edward & Christie(Pvt)Ltd
A2: Central Work Shop Badalgama
A3: Fuel & Lubricant Stock Book
A4: 15W40 (CI-04)Engine Oil
A6: Date | B6: MR | C6: MTN | D6: Description | E6: Received | F6: Issued | G6: Balance | H6: Remark
A7: 46140 | D7: Balance | G7: 1
A8: 46144 | D8: LY-4524 | F8: 0.5 | G8: =G7+E8-F8 -> 0.5
A9: 46146 | D9: Fire Training | F9: 0.5 | G9: =G8+E9-F9 -> 0
A10: 46146 | D10: LP | E10: 3.65 | G10: =G9+E10-F10 -> 3.65
A11: 46151 | D11: 51-7158 | F11: 0.5 | G11: =G10+E11-F11 -> 3.15
A12: 46153 | D12: LD-08 | F12: 0.5 | G12: =G11+E12-F12 -> 2.65
A13: 46168 | D13: SR-12 | F13: 0.5 | G13: =G12+E13-F13 -> 2.15
A14: 46170 | D14: LK-4058 | F14: 0.5 | G14: =G13+E14-F14 -> 1.65
A15: 46175 | D15: 57-3062 | F15: 0.5 | G15: =G14+E15-F15 -> 1.15
G16: =G15+E16-F16 -> 1.15
G17: =G16+E17-F17 -> 1.15
G18: =G17+E18-F18 -> 1.15
G19: =G18+E19-F19 -> 1.15
G20: =G19+E20-F20 -> 1.15
G21: =G20+E21-F21 -> 1.15
G22: =G21+E22-F22 -> 1.15
G23: =G22+E23-F23 -> 1.15
G24: =G23+E24-F24 -> 1.15
G25: =G24+E25-F25 -> 1.15
G26: =G25+E26-F26 -> 1.15
G27: =G26+E27-F27 -> 1.15
... G39: =G38+E39-F39 -> 1.15

Sheet HUB GREASE
A1: Edward & Christie(Pvt)Ltd
A2: Central Work Shop Badalgama
A3: Fuel & Lubricant Stock Book
A4: HUB GREASE
A6: Date | B6: MR | C6: MTN | D6: Description | E6: Received | F6: Issued | G6: Balance | H6: Remark
A7: 46106 | B7: 142331 | D7: Main Stores Badalgama | E7: 18 | G7: =E7 -> 18
A8: 46116 | D8: Batticloa Work Shop | F8: 5 | G8: =G7+E8-F8 -> 13
A9: 46147 | D9: ZA-2609 / LB01 | F9: 1 | G9: =G8+E9-F9 -> 12
A10: 46150 | D10: LC-0434 | F10: 2 | G10: =G9+E10-F10 -> 10
A11: 46154 | D11: LX-1679 | F11: 1.5 | G11: =G10+E11-F11 -> 8.5
A12: 46154 | D12: LX-1679 | F12: 3.5 | G12: =G11+E12-F12 -> 5
A13: 46176 | D13: PH-6744 | F13: 0.5 | G13: =G12+E13-F13 -> 4.5
G14: =G13+E14-F14 -> 4.5
G15: =G14+E15-F15 -> 4.5
G16: =G15+E16-F16 -> 4.5
G17: =G16+E17-F17 -> 4.5
G18: =G17+E18-F18 -> 4.5
G19: =G18+E19-F19 -> 4.5
G20: =G19+E20-F20 -> 4.5

Sheet cotten waste
A1: Edward & Christie(Pvt)Ltd
A2: Central Work Shop Badalgama
A3: Fuel & Lubricant Stock Book
A4: cotton waste
A6: Date | B6: MR | C6: MTN | D6: Description | E6: Received | F6: Issued | G6: Balance | H6: Remark
A7: 46144 | D7: B/F | G7: 1
A8: 46145 | D8: Work Shop | F8: 0.5 | G8: =G7+E8-F8 -> 0.5
A9: 46146 | D9: Work Shop | F9: 0.5 | G9: =G8+E9-F9 -> 0
A10: 46147 | B10: 142337 | D10: LP | E10: 10 | G10: =G9+E10-F10 -> 10
A11: 46147 | D11: Work Shop | F11: 1.5 | G11: =G10+E11-F11 -> 8.5
A12: 46148 | D12: Work Shop | F12: 1.25 | G12: =G11+E12-F12 -> 7.25
A13: 46149 | D13: Work Shop | F13: 1.75 | G13: =G12+E13-F13 -> 5.5
A14: 46150 | D14: Work Shop | F14: 2 | G14: =G13+E14-F14 -> 3.5
A15: 46151 | D15: Work Shop | F15: 1 | G15: =G14+E15-F15 -> 2.5
A16: 46152 | D16: Work Shop | F16: 0.75 | G16: =G15+E16-F16 -> 1.75
A17: 46153 | D17: Work Shop | F17: 0.75 | G17: =G16+E17-F17 -> 1
A18: 46154 | D18: Work Shop | F18: 1 | G18: =G17+E18-F18 -> 0
A19: 46155 | B19: 142337 | D19: LP | E19: 7.6 | G19: =G18+E19-F19 -> 7.6
A20: 46155 | D20: Work Shop | F20: 2.5 | G20: =G19+E20-F20 -> 5.1
A21: 46156 | D21: Work Shop | F21: 1 | G21: =G20+E21-F21 -> 4.1
A22: 46157 | D22: Work Shop | F22: 1 | G22: =G21+E22-F22 -> 3.1
A23: 46158 | D23: Work Shop | F23: 1.5 | G23: =G22+E23-F23 -> 1.6
A24: 46159 | D24: Work Shop | F24: 0.6 | G24: =G23+E24-F24 -> 1
A25: 46160 | D25: Work Shop | F25: 1 | G25: =G24+E25-F25 -> 0
G26: =G25+E26-F26 -> 0
G27: =G26+E27-F27 -> 0
G28: =G27+E28-F28 -> 0
G29: =G28+E29-F29 -> 0
G30: =G29+E30-F30 -> 0
G31: =G30+E31-F31 -> 0
G32: =G31+E32-F32 -> 0
G33: =G32+E33-F33 -> 0
G34: =G33+E34-F34 -> 0
G35: =G34+E35-F35 -> 0
G36: =G35+E36-F36 -> 0
G37: =G36+E37-F37 -> 0

Sheet Sheet1
A1: Edward & Christie(Pvt)Ltd
A2: Central Work Shop Badalgama | E2: PORT CITY
A3: Fuel & Lubricant Issues
A4: Date | B4: MR | C4: MTN | D4: Item | E4: Re/Qty | F4: Issued | G4: Balance | H4: Remark

Sheet Sheet2
B6: OIL MR
C15: 1906.78 | E15: 5508.47
C16: 2118.64 | E16: 12711.86
C17: 3050.85 | E17: 12711.86
C18: 1906.78 | E18: 1271.19
C19: 5932.2 | E19: 4237.29
C20: =SUM(C15:C19) -> 14915.25 | E20: =SUM(E15:E19) -> 36440.67
C21: 8050.85 | E21: =E20*0.18 -> 6559.3206
C22: 10593.22 | E22: =SUM(E20:E21) -> 42999.991
C23: 4067.8
C24: 5720.34
C25: =SUM(C20:C24) -> 43347.46
C26: =C25*0.18 -> 7802.5428
C27: =SUM(C25:C26) -> 51150.003

Sheet Sheet3
B1: Material Note | F1: Material Note
A2: Date : | E2: Date :
A3: Vehicle No : | E3: Vehicle No :
A13: Name | E13: Name
A14: Designation | E14: Designation
A15: Signature | E15: Signature
B17: Material Note | F17: Material Note
A18: Date : | E18: Date :
A19: Vehicle No : | E19: Vehicle No :
A29: Name | E29: Name
A30: Designation | E30: Designation
A31: Signature | E31: Signature
B33: Material Note | F33: Material Note
A34: Date : | E34: Date :
A35: Vehicle No : | E35: Vehicle No :
A45: Name | E45: Name
A46: Designation | E46: Designation
A47: Signature | E47: Signature
